# WaveFront obj file ( generated at drububu.com )

g drububu_com
v 6.649 2.375 .475
v 6.649 1.424 .475
v 6.649 1.424 1.424
v 6.649 2.375 1.424
v 7.6 2.375 1.424
v 7.6 1.424 1.424
v 7.6 1.424 .475
v 7.6 2.375 .475
v -8.549 2.375 .475
v -8.549 1.424 .475
v -8.549 1.424 1.424
v -8.549 2.375 1.424
v -7.6 2.375 1.424
v -7.6 1.424 1.424
v -7.6 1.424 .475
v -7.6 2.375 .475
v 6.649 .475 .475
v 6.649 .475 1.424
v 7.6 .475 1.424
v 7.6 .475 .475
v -8.549 3.324 .475
v -8.549 3.324 1.424
v -7.6 3.324 1.424
v -7.6 3.324 .475
v 6.649 3.324 .475
v 6.649 3.324 1.424
v 7.6 3.324 1.424
v 7.6 3.324 .475
v -8.549 4.274 .475
v -8.549 4.274 1.424
v -7.6 4.274 1.424
v -7.6 4.274 .475
v 6.649 4.274 .475
v 6.649 4.274 1.424
v 7.6 4.274 1.424
v 7.6 4.274 .475
v -8.549 .475 .475
v -8.549 .475 1.424
v -7.6 .475 1.424
v -7.6 .475 .475
v 7.6 -0.475 1.424
v 7.6 -0.475 .475
v 6.649 -0.475 1.424
v 6.649 -0.475 .475
v 5.699 .475 .475
v 5.699 -0.475 .475
v 5.699 -0.475 1.424
v 5.699 .475 1.424
v -8.549 5.225 .475
v -8.549 5.225 1.424
v -7.6 5.225 1.424
v -7.6 5.225 .475
v 6.649 5.225 .475
v 6.649 5.225 1.424
v 7.6 5.225 1.424
v 7.6 5.225 .475
v -6.649 .475 1.424
v -6.649 -0.475 1.424
v -6.649 -0.475 .475
v -6.649 .475 .475
v -7.6 -0.475 1.424
v -7.6 -0.475 .475
v -8.549 -0.475 .475
v -8.549 -0.475 1.424
v 4.75 -0.475 .475
v 4.75 -1.424 .475
v 4.75 -1.424 1.424
v 4.75 -0.475 1.424
v 5.699 -1.424 1.424
v 5.699 -1.424 .475
v -8.549 6.175 .475
v -8.549 6.175 1.424
v -7.6 6.175 1.424
v -7.6 6.175 .475
v 6.649 6.175 .475
v 6.649 6.175 1.424
v 7.6 6.175 1.424
v 7.6 6.175 .475
v -6.649 -1.424 .475
v -6.649 -1.424 1.424
v -5.699 -0.475 1.424
v -5.699 -1.424 1.424
v -5.699 -1.424 .475
v -5.699 -0.475 .475
v 6.649 -1.424 1.424
v 6.649 -2.375 1.424
v 6.649 -2.375 .475
v 6.649 -1.424 .475
v 5.699 -2.375 1.424
v 5.699 -2.375 .475
v 4.75 -2.375 .475
v 4.75 -2.375 1.424
v 3.8 -1.424 .475
v 3.8 -2.375 .475
v 3.8 -2.375 1.424
v 3.8 -1.424 1.424
v -7.6 7.125 .475
v -7.6 7.125 1.424
v -6.649 7.125 1.424
v -6.649 6.175 1.424
v -6.649 6.175 .475
v -6.649 7.125 .475
v 5.699 7.125 .475
v 5.699 6.175 .475
v 5.699 6.175 1.424
v 5.699 7.125 1.424
v 6.649 7.125 1.424
v 6.649 7.125 .475
v -7.6 8.074 .475
v -7.6 8.074 1.424
v -6.649 8.074 1.424
v -6.649 8.074 .475
v -5.699 8.074 1.424
v -5.699 7.125 1.424
v -5.699 7.125 .475
v -5.699 8.074 .475
v 4.75 8.074 .475
v 4.75 7.125 .475
v 4.75 7.125 1.424
v 4.75 8.074 1.424
v 5.699 8.074 1.424
v 5.699 8.074 .475
v 6.649 8.074 1.424
v 6.649 8.074 .475
v -5.699 9.025 .475
v -5.699 9.025 1.424
v -4.75 8.074 .475
v -4.75 8.074 1.424
v -4.75 9.025 1.424
v -4.75 9.025 .475
v -4.75 -1.424 1.424
v -4.75 -2.375 1.424
v -4.75 -2.375 .475
v -4.75 -1.424 .475
v -5.699 -2.375 .475
v -5.699 -2.375 1.424
v -6.649 -2.375 .475
v -6.649 -2.375 1.424
v -7.6 -1.424 .475
v -7.6 -2.375 .475
v -7.6 -2.375 1.424
v -7.6 -1.424 1.424
v 6.649 -3.324 1.424
v 6.649 -3.324 .475
v 5.699 -3.324 1.424
v 5.699 -3.324 .475
v 4.75 -3.324 .475
v 4.75 -3.324 1.424
v 3.8 -3.324 .475
v 3.8 -3.324 1.424
v 2.849 -2.375 .475
v 2.849 -2.375 1.424
v 2.849 -3.324 .475
v 2.849 -3.324 1.424
v 1.9 -2.375 .475
v 1.9 -3.324 .475
v 1.9 -3.324 1.424
v 1.9 -2.375 1.424
v -3.8 8.074 .475
v -3.8 8.074 1.424
v -3.8 9.025 1.424
v -3.8 9.025 .475
v -2.849 8.074 .475
v -2.849 8.074 1.424
v -2.849 9.025 1.424
v -2.849 9.025 .475
v -1.9 8.074 .475
v -1.9 8.074 1.424
v -1.9 9.025 1.424
v -1.9 9.025 .475
v -0.95 8.074 .475
v -0.95 8.074 1.424
v -0.95 9.025 1.424
v -0.95 9.025 .475
v 0 8.074 .475
v 0 8.074 1.424
v 0 9.025 1.424
v 0 9.025 .475
v -2.849 -2.375 1.424
v -2.849 -3.324 1.424
v -2.849 -3.324 .475
v -2.849 -2.375 .475
v -3.8 -2.375 .475
v -3.8 -2.375 1.424
v -3.8 -3.324 .475
v -3.8 -3.324 1.424
v -4.75 -3.324 .475
v -4.75 -3.324 1.424
v -5.699 -3.324 .475
v -5.699 -3.324 1.424
v -6.649 -3.324 .475
v -6.649 -3.324 1.424
v -7.6 -3.324 .475
v -7.6 -3.324 1.424
v 6.649 -4.274 1.424
v 6.649 -4.274 .475
v 5.699 -4.274 1.424
v 5.699 -4.274 .475
v 4.75 -4.274 1.424
v 4.75 -4.274 .475
v 3.8 -4.274 1.424
v 3.8 -4.274 .475
v 2.849 -4.274 1.424
v 2.849 -4.274 .475
v 1.9 -4.274 .475
v 1.9 -4.274 1.424
v .95 -3.324 .475
v .95 -4.274 .475
v .95 -4.274 1.424
v .95 -3.324 1.424
v .95 8.074 .475
v .95 8.074 1.424
v .95 9.025 1.424
v .95 9.025 .475
v 1.9 8.074 .475
v 1.9 8.074 1.424
v 1.9 9.025 1.424
v 1.9 9.025 .475
v -1.9 -3.324 1.424
v -1.9 -4.274 1.424
v -1.9 -4.274 .475
v -1.9 -3.324 .475
v -2.849 -4.274 1.424
v -2.849 -4.274 .475
v -3.8 -4.274 .475
v -3.8 -4.274 1.424
v -4.75 -4.274 1.424
v -4.75 -4.274 .475
v -5.699 -4.274 1.424
v -5.699 -4.274 .475
v -6.649 -4.274 1.424
v -6.649 -4.274 .475
v -7.6 -4.274 .475
v -7.6 -4.274 1.424
v 1.9 -5.225 .475
v 1.9 -5.225 1.424
v 2.849 -5.225 1.424
v 2.849 -5.225 .475
v 2.849 8.074 .475
v 2.849 8.074 1.424
v 2.849 9.025 1.424
v 2.849 9.025 .475
v 3.8 8.074 .475
v 3.8 8.074 1.424
v 3.8 9.025 1.424
v 3.8 9.025 .475
v -3.8 -5.225 .475
v -3.8 -5.225 1.424
v -2.849 -5.225 1.424
v -2.849 -5.225 .475
v 1.9 -6.175 .475
v 1.9 -6.175 1.424
v 2.849 -6.175 1.424
v 2.849 -6.175 .475
v 4.75 9.025 1.424
v 4.75 9.025 .475
v -1.9 -6.175 1.424
v -1.9 -7.125 1.424
v -1.9 -7.125 2.375
v -1.9 -6.175 2.375
v -0.95 -7.125 1.424
v -0.95 -7.125 2.375
v -0.95 -6.175 1.424
v -0.95 -6.175 2.375
v -3.8 -6.175 .475
v -3.8 -6.175 1.424
v -2.849 -6.175 1.424
v -2.849 -6.175 .475
v 2.849 -7.125 1.424
v 2.849 -7.125 .475
v 1.9 -7.125 1.424
v .95 -6.175 .475
v .95 -7.125 .475
v .95 -7.125 1.424
v .95 -6.175 1.424
v 1.9 -7.125 .475
v 0 -7.125 1.424
v 0 -7.125 2.375
v 0 -6.175 1.424
v 0 -6.175 2.375
v .95 -6.175 2.375
v .95 -7.125 2.375
v -2.849 -6.175 2.375
v -2.849 -5.225 2.375
v -1.9 -5.225 1.424
v -1.9 -5.225 2.375
v -1.9 -7.125 .475
v -1.9 -6.175 .475
v -2.849 -7.125 .475
v -2.849 -7.125 1.424
v -3.8 -7.125 .475
v -3.8 -7.125 1.424
v 2.849 -8.074 1.424
v 2.849 -8.074 .475
v 1.9 -8.074 1.424
v 1.9 -8.074 .475
v .95 -8.074 .475
v .95 -8.074 1.424
v 0 -7.125 .475
v 0 -8.074 .475
v 0 -8.074 1.424
v -0.95 -8.074 1.424
v -0.95 -8.074 .475
v -0.95 -7.125 .475
v -1.9 -8.074 .475
v -1.9 -8.074 1.424
v -2.849 -8.074 .475
v -2.849 -8.074 1.424
v -3.8 -8.074 .475
v -3.8 -8.074 1.424
v 2.849 -9.025 1.424
v 2.849 -9.025 .475
v 1.9 -9.025 1.424
v 1.9 -9.025 .475
v .95 -9.025 .475
v .95 -9.025 1.424
v 0 -9.025 .475
v 0 -9.025 1.424
v -0.95 -9.025 1.424
v -0.95 -9.025 .475
v -1.9 -9.025 1.424
v -1.9 -9.025 .475
v -2.849 -9.025 .475
v -2.849 -9.025 1.424
v -3.8 -9.025 .475
v -3.8 -9.025 1.424
v 2.849 -9.975 1.424
v 2.849 -9.975 .475
v 1.9 -9.975 1.424
v 1.9 -9.975 .475
v .95 -9.975 1.424
v .95 -9.975 .475
v 0 -9.975 .475
v 0 -9.975 1.424
v -0.95 -9.975 1.424
v -0.95 -9.975 .475
v -1.9 -9.975 1.424
v -1.9 -9.975 .475
v -2.849 -9.975 1.424
v -2.849 -9.975 .475
v -3.8 -9.975 .475
v -3.8 -9.975 1.424
v 4.75 8.074 -0.475
v 4.75 9.025 -0.475
v 3.8 8.074 -0.475
v 3.8 9.025 -0.475
v 2.849 8.074 -0.475
v 2.849 9.025 -0.475
v 1.9 8.074 -0.475
v 1.9 9.025 -0.475
v .95 8.074 -0.475
v .95 9.025 -0.475
v 0 8.074 -0.475
v 0 9.025 -0.475
v -0.95 8.074 -0.475
v -0.95 9.025 -0.475
v -1.9 8.074 -0.475
v -1.9 9.025 -0.475
v -2.849 8.074 -0.475
v -2.849 9.025 -0.475
v -3.8 8.074 -0.475
v -3.8 9.025 -0.475
v -4.75 8.074 -0.475
v -4.75 9.025 -0.475
v -5.699 9.025 -0.475
v -5.699 8.074 -0.475
v 6.649 7.125 -0.475
v 6.649 8.074 -0.475
v 5.699 8.074 -0.475
v 4.75 7.125 -0.475
v 5.699 7.125 -0.475
v -0.95 -5.225 1.424
v -0.95 -5.225 2.375
v 0 -5.225 1.424
v 0 -5.225 2.375
v .95 -5.225 1.424
v .95 -5.225 2.375
v 1.9 -5.225 2.375
v 1.9 -6.175 2.375
v -2.849 -4.274 2.375
v -1.9 -4.274 2.375
v -0.95 -4.274 1.424
v -0.95 -4.274 2.375
v -5.699 7.125 -0.475
v -6.649 7.125 -0.475
v -6.649 8.074 -0.475
v -7.6 8.074 -0.475
v -7.6 7.125 -0.475
v 5.699 6.175 -0.475
v 6.649 6.175 -0.475
v 0 -4.274 1.424
v 0 -4.274 2.375
v .95 -4.274 2.375
v 1.9 -4.274 2.375
v -1.9 -3.324 2.375
v -0.95 -3.324 1.424
v -0.95 -3.324 2.375
v -7.6 6.175 -0.475
v -6.649 6.175 -0.475
v 6.649 5.225 -0.475
v 7.6 5.225 -0.475
v 7.6 6.175 -0.475
v 0 -3.324 1.424
v 0 -3.324 2.375
v .95 -3.324 2.375
v -2.849 -3.324 2.375
v -2.849 -2.375 2.375
v -1.9 -2.375 2.375
v -1.9 -2.375 1.424
v -0.95 -2.375 2.375
v -0.95 -2.375 1.424
v -8.549 6.175 -0.475
v -8.549 5.225 -0.475
v -7.6 5.225 -0.475
v 6.649 4.274 -0.475
v 7.6 4.274 -0.475
v 0 -2.375 2.375
v 0 -2.375 1.424
v .95 -2.375 2.375
v .95 -2.375 1.424
v -8.549 4.274 -0.475
v -7.6 4.274 -0.475
v 6.649 3.324 -0.475
v 7.6 3.324 -0.475
v 1.9 -2.375 2.375
v 1.9 -3.324 2.375
v -4.75 -2.375 2.375
v -4.75 -1.424 2.375
v -3.8 -2.375 2.375
v -3.8 -1.424 2.375
v -3.8 -1.424 1.424
v -8.549 3.324 -0.475
v -7.6 3.324 -0.475
v 6.649 2.375 -0.475
v 7.6 2.375 -0.475
v -2.849 -1.424 2.375
v -2.849 -1.424 1.424
v 1.9 -1.424 1.424
v 1.9 -1.424 2.375
v 2.849 -2.375 2.375
v 2.849 -1.424 2.375
v 2.849 -1.424 1.424
v -8.549 2.375 -0.475
v -7.6 2.375 -0.475
v 6.649 1.424 -0.475
v 7.6 1.424 -0.475
v 3.8 -1.424 2.375
v 3.8 -2.375 2.375
v -5.699 -1.424 2.375
v -5.699 -0.475 2.375
v -4.75 -0.475 2.375
v -4.75 -0.475 1.424
v -8.549 1.424 -0.475
v -7.6 1.424 -0.475
v 6.649 .475 -0.475
v 7.6 .475 -0.475
v 3.8 -0.475 1.424
v 3.8 -0.475 2.375
v 4.75 -1.424 2.375
v 4.75 -0.475 2.375
v 5.699 -0.475 2.375
v 5.699 -1.424 2.375
v -8.549 .475 -0.475
v -7.6 .475 -0.475
v 7.6 -0.475 -0.475
v 6.649 -0.475 -0.475
v 5.699 .475 -0.475
v 5.699 -0.475 -0.475
v -7.6 -0.475 2.375
v -7.6 .475 2.375
v -6.649 -0.475 2.375
v -6.649 .475 2.375
v -5.699 .475 2.375
v -5.699 .475 1.424
v -6.649 -0.475 -0.475
v -6.649 .475 -0.475
v -7.6 -0.475 -0.475
v -8.549 -0.475 -0.475
v 4.75 -0.475 -0.475
v 4.75 -1.424 -0.475
v 5.699 -1.424 -0.475
v 5.699 .475 2.375
v 6.649 .475 2.375
v 6.649 -0.475 2.375
v -8.549 .475 2.375
v -8.549 1.424 2.375
v -7.6 1.424 2.375
v -6.649 -1.424 -0.475
v -5.699 -1.424 -0.475
v -5.699 -0.475 -0.475
v 5.699 -2.375 -0.475
v 6.649 -2.375 -0.475
v 6.649 -1.424 -0.475
v -6.649 1.424 2.375
v -6.649 1.424 1.424
v 5.699 1.424 1.424
v 5.699 1.424 2.375
v 6.649 1.424 2.375
v 7.6 1.424 2.375
v 7.6 .475 2.375
v -8.549 2.375 2.375
v -7.6 2.375 2.375
v 6.649 2.375 2.375
v 7.6 2.375 2.375
v -8.549 3.324 2.375
v -7.6 3.324 2.375
v 6.649 3.324 2.375
v 7.6 3.324 2.375
v -8.549 4.274 2.375
v -7.6 4.274 2.375
v 6.649 4.274 2.375
v 7.6 4.274 2.375
v -8.549 5.225 2.375
v -7.6 5.225 2.375
v -6.649 5.225 2.375
v -6.649 4.274 2.375
v -6.649 4.274 1.424
v -6.649 5.225 1.424
v -7.6 -1.424 -0.475
v -7.6 -2.375 -0.475
v -6.649 -2.375 -0.475
v 5.699 -3.324 -0.475
v 6.649 -3.324 -0.475
v 5.699 5.225 1.424
v 5.699 4.274 1.424
v 5.699 4.274 2.375
v 5.699 5.225 2.375
v 6.649 5.225 2.375
v 7.6 5.225 2.375
v -7.6 6.175 2.375
v -6.649 6.175 2.375
v 5.699 6.175 2.375
v 6.649 6.175 2.375
v -7.6 7.125 2.375
v -6.649 7.125 2.375
v -5.699 7.125 2.375
v -5.699 6.175 2.375
v -5.699 6.175 1.424
v 4.75 6.175 1.424
v 4.75 6.175 2.375
v 4.75 7.125 2.375
v 5.699 7.125 2.375
v -7.6 -3.324 -0.475
v -6.649 -3.324 -0.475
v 6.649 -4.274 -0.475
v 5.699 -4.274 -0.475
v 4.75 -4.274 -0.475
v 4.75 -3.324 -0.475
v 3.8 -4.274 -0.475
v 3.8 -3.324 -0.475
v 2.849 -3.324 -0.475
v 2.849 -4.274 -0.475
v 6.649 7.125 2.375
v -6.649 8.074 2.375
v -5.699 8.074 2.375
v -4.75 7.125 1.424
v -4.75 7.125 2.375
v -4.75 8.074 2.375
v -3.8 8.074 2.375
v -3.8 7.125 2.375
v -3.8 7.125 1.424
v -3.8 -4.274 -0.475
v -3.8 -3.324 -0.475
v -4.75 -4.274 -0.475
v -4.75 -3.324 -0.475
v -5.699 -4.274 -0.475
v -5.699 -3.324 -0.475
v -6.649 -4.274 -0.475
v -7.6 -4.274 -0.475
v 1.9 -4.274 -0.475
v 1.9 -5.225 -0.475
v 2.849 -5.225 -0.475
v -3.8 -5.225 -0.475
v -2.849 -5.225 -0.475
v -2.849 -4.274 -0.475
v 1.9 -6.175 -0.475
v 2.849 -6.175 -0.475
v -3.8 -6.175 -0.475
v -2.849 -6.175 -0.475
v 1.9 -7.125 -0.475
v 2.849 -7.125 -0.475
v -3.8 -7.125 -0.475
v -2.849 -7.125 -0.475
v 1.9 -8.074 -0.475
v 2.849 -8.074 -0.475
v 2.849 7.125 1.424
v 2.849 7.125 2.375
v 2.849 8.074 2.375
v 3.8 7.125 1.424
v 3.8 7.125 2.375
v 3.8 8.074 2.375
v -0.95 -7.125 -0.475
v -0.95 -8.074 -0.475
v 0 -8.074 -0.475
v 0 -7.125 -0.475
v 4.75 8.074 2.375
v -3.8 -8.074 -0.475
v -2.849 -8.074 -0.475
v 1.9 -9.025 -0.475
v 2.849 -9.025 -0.475
v 0 -9.025 -0.475
v .95 -9.025 -0.475
v .95 -8.074 -0.475
v -1.9 -8.074 -0.475
v -1.9 -9.025 -0.475
v -0.95 -9.025 -0.475
v -3.8 -9.025 -0.475
v -2.849 -9.025 -0.475
v 2.849 -9.975 -0.475
v 1.9 -9.975 -0.475
v .95 -9.975 -0.475
v 0 -9.975 -0.475
v -0.95 -9.975 -0.475
v -1.9 -9.975 -0.475
v -2.849 -9.975 -0.475
v -3.8 -9.975 -0.475
v 4.75 8.074 -1.424
v 4.75 9.025 -1.424
v 3.8 8.074 -1.424
v 3.8 9.025 -1.424
v 2.849 8.074 -1.424
v 2.849 9.025 -1.424
v 1.9 8.074 -1.424
v 1.9 9.025 -1.424
v .95 8.074 -1.424
v .95 9.025 -1.424
v 0 8.074 -1.424
v 0 9.025 -1.424
v -0.95 8.074 -1.424
v -0.95 9.025 -1.424
v -1.9 8.074 -1.424
v -1.9 9.025 -1.424
v -2.849 8.074 -1.424
v -2.849 9.025 -1.424
v -3.8 8.074 -1.424
v -3.8 9.025 -1.424
v -4.75 8.074 -1.424
v -4.75 9.025 -1.424
v -5.699 9.025 -1.424
v -5.699 8.074 -1.424
v 6.649 7.125 -1.424
v 6.649 8.074 -1.424
v 5.699 8.074 -1.424
v 5.699 7.125 -1.424
v 4.75 7.125 -1.424
v 5.699 8.074 2.375
v -3.8 9.025 2.375
v -2.849 8.074 2.375
v -2.849 9.025 2.375
v -1.9 8.074 2.375
v -1.9 9.025 2.375
v -0.95 8.074 2.375
v -0.95 9.025 2.375
v -5.699 7.125 -1.424
v -6.649 7.125 -1.424
v -6.649 8.074 -1.424
v -7.6 8.074 -1.424
v -7.6 7.125 -1.424
v 5.699 6.175 -1.424
v 6.649 6.175 -1.424
v 0 8.074 2.375
v 0 9.025 2.375
v .95 8.074 2.375
v .95 9.025 2.375
v 1.9 8.074 2.375
v 1.9 9.025 2.375
v 2.849 9.025 2.375
v -7.6 6.175 -1.424
v -6.649 6.175 -1.424
v 6.649 5.225 -1.424
v 7.6 5.225 -1.424
v 7.6 6.175 -1.424
v -4.75 -2.375 3.324
v -4.75 -1.424 3.324
v -3.8 -2.375 3.324
v -3.8 -1.424 3.324
v -2.849 -2.375 3.324
v -2.849 -1.424 3.324
v -1.9 -2.375 3.324
v -1.9 -1.424 3.324
v -1.9 -1.424 2.375
v -0.95 -2.375 3.324
v -0.95 -1.424 3.324
v -0.95 -1.424 2.375
v -8.549 6.175 -1.424
v -8.549 5.225 -1.424
v -7.6 5.225 -1.424
v 6.649 4.274 -1.424
v 7.6 4.274 -1.424
v 0 -2.375 3.324
v 0 -1.424 3.324
v 0 -1.424 2.375
v .95 -2.375 3.324
v .95 -1.424 3.324
v .95 -1.424 2.375
v 1.9 -2.375 3.324
v 1.9 -1.424 3.324
v 2.849 -2.375 3.324
v 2.849 -1.424 3.324
v -8.549 4.274 -1.424
v -7.6 4.274 -1.424
v 6.649 3.324 -1.424
v 7.6 3.324 -1.424
v 3.8 -1.424 3.324
v 3.8 -2.375 3.324
v -5.699 -1.424 3.324
v -5.699 -0.475 3.324
v -4.75 -0.475 3.324
v -8.549 3.324 -1.424
v -7.6 3.324 -1.424
v 6.649 2.375 -1.424
v 7.6 2.375 -1.424
v 3.8 -0.475 3.324
v 4.75 -0.475 3.324
v 4.75 -1.424 3.324
v -6.649 -0.475 3.324
v -6.649 .475 3.324
v -5.699 .475 3.324
v -8.549 2.375 -1.424
v -7.6 2.375 -1.424
v 6.649 1.424 -1.424
v 7.6 1.424 -1.424
v 4.75 .475 2.375
v 4.75 .475 3.324
v 5.699 .475 3.324
v 5.699 -0.475 3.324
v -6.649 1.424 3.324
v -5.699 1.424 3.324
v -5.699 1.424 2.375
v -8.549 1.424 -1.424
v -7.6 1.424 -1.424
v 6.649 .475 -1.424
v 7.6 .475 -1.424
v 4.75 1.424 2.375
v 4.75 1.424 3.324
v 5.699 1.424 3.324
v -7.6 1.424 3.324
v -7.6 2.375 3.324
v -6.649 2.375 3.324
v -6.649 2.375 2.375
v 5.699 2.375 2.375
v 5.699 2.375 3.324
v 6.649 2.375 3.324
v 6.649 1.424 3.324
v -8.549 .475 -1.424
v -7.6 .475 -1.424
v 7.6 -0.475 -1.424
v 6.649 -0.475 -1.424
v 5.699 .475 -1.424
v 5.699 -0.475 -1.424
v -7.6 3.324 3.324
v -6.649 3.324 3.324
v -6.649 3.324 2.375
v 5.699 3.324 2.375
v 5.699 3.324 3.324
v 6.649 3.324 3.324
v -6.649 -0.475 -1.424
v -6.649 .475 -1.424
v -7.6 -0.475 -1.424
v -8.549 -0.475 -1.424
v 4.75 -0.475 -1.424
v 4.75 -1.424 -1.424
v 5.699 -1.424 -1.424
v -7.6 4.274 3.324
v -6.649 4.274 3.324
v 5.699 4.274 3.324
v 6.649 4.274 3.324
v -6.649 -1.424 -1.424
v -5.699 -1.424 -1.424
v -5.699 -0.475 -1.424
v 6.649 -2.375 -1.424
v 6.649 -1.424 -1.424
v 5.699 -2.375 -1.424
v 4.75 -2.375 -1.424
v 4.75 -2.375 -0.475
v -6.649 5.225 3.324
v -5.699 5.225 3.324
v -5.699 4.274 3.324
v -5.699 4.274 2.375
v -5.699 5.225 2.375
v 4.75 5.225 2.375
v 4.75 4.274 2.375
v 4.75 4.274 3.324
v 4.75 5.225 3.324
v 5.699 5.225 3.324
v -6.649 6.175 3.324
v -5.699 6.175 3.324
v 4.75 6.175 3.324
v 5.699 6.175 3.324
v -5.699 7.125 3.324
v -4.75 7.125 3.324
v -4.75 6.175 3.324
v -4.75 6.175 2.375
v 3.8 6.175 2.375
v 3.8 6.175 3.324
v 3.8 7.125 3.324
v 4.75 7.125 3.324
v -5.699 8.074 3.324
v -4.75 8.074 3.324
v -3.8 8.074 3.324
v -3.8 7.125 3.324
v 2.849 7.125 3.324
v 2.849 8.074 3.324
v 3.8 8.074 3.324
v -5.699 -2.375 -0.475
v -5.699 -2.375 -1.424
v -6.649 -2.375 -1.424
v -7.6 -1.424 -1.424
v -7.6 -2.375 -1.424
v 6.649 -3.324 -1.424
v 5.699 -3.324 -1.424
v 4.75 -3.324 -1.424
v 3.8 -2.375 -1.424
v 3.8 -2.375 -0.475
v 3.8 -3.324 -1.424
v 2.849 -2.375 -1.424
v 2.849 -3.324 -1.424
v 2.849 -2.375 -0.475
v 4.75 8.074 3.324
v -3.8 9.025 3.324
v -2.849 8.074 3.324
v -2.849 9.025 3.324
v -1.9 8.074 3.324
v -1.9 9.025 3.324
v -0.95 8.074 3.324
v -0.95 9.025 3.324
v 0 8.074 3.324
v 0 9.025 3.324
v .95 8.074 3.324
v .95 9.025 3.324
v 1.9 8.074 3.324
v 1.9 9.025 3.324
v -3.8 -2.375 -0.475
v -3.8 -3.324 -1.424
v -3.8 -2.375 -1.424
v -4.75 -2.375 -1.424
v -4.75 -2.375 -0.475
v -4.75 -3.324 -1.424
v -5.699 -3.324 -1.424
v -6.649 -3.324 -1.424
v -7.6 -3.324 -1.424
v 6.649 -4.274 -1.424
v 5.699 -4.274 -1.424
v 4.75 -4.274 -1.424
v 3.8 -4.274 -1.424
v 2.849 -4.274 -1.424
v 1.9 -3.324 -1.424
v 1.9 -4.274 -1.424
v 1.9 -3.324 -0.475
v 2.849 9.025 3.324
v -3.8 -2.375 4.274
v -3.8 -1.424 4.274
v -2.849 -2.375 4.274
v -2.849 -1.424 4.274
v -2.849 -3.324 -0.475
v -2.849 -4.274 -1.424
v -2.849 -3.324 -1.424
v -3.8 -4.274 -1.424
v -4.75 -4.274 -1.424
v -5.699 -4.274 -1.424
v -6.649 -4.274 -1.424
v -7.6 -4.274 -1.424
v 1.9 -5.225 -1.424
v 2.849 -5.225 -1.424
v -1.9 -2.375 4.274
v -1.9 -1.424 4.274
v -0.95 -2.375 4.274
v -0.95 -1.424 4.274
v -3.8 -5.225 -1.424
v -2.849 -5.225 -1.424
v 1.9 -6.175 -1.424
v 2.849 -6.175 -1.424
v -3.8 -6.175 -1.424
v -2.849 -6.175 -1.424
v 1.9 -7.125 -1.424
v 2.849 -7.125 -1.424
v -3.8 -7.125 -1.424
v -2.849 -7.125 -1.424
v 1.9 -8.074 -1.424
v 2.849 -8.074 -1.424
v 0 -2.375 4.274
v 0 -1.424 4.274
v -0.95 -7.125 -1.424
v -0.95 -8.074 -1.424
v 0 -8.074 -1.424
v 0 -7.125 -1.424
v .95 -2.375 4.274
v .95 -1.424 4.274
v -3.8 -8.074 -1.424
v -2.849 -8.074 -1.424
v 1.9 -9.025 -1.424
v 2.849 -9.025 -1.424
v 1.9 -2.375 4.274
v 1.9 -1.424 4.274
v 0 -9.025 -1.424
v .95 -9.025 -1.424
v .95 -8.074 -1.424
v -1.9 -8.074 -1.424
v -1.9 -9.025 -1.424
v -0.95 -9.025 -1.424
v 2.849 -1.424 4.274
v 2.849 -2.375 4.274
v -3.8 -9.025 -1.424
v -2.849 -9.025 -1.424
v 2.849 -9.975 -1.424
v 1.9 -9.975 -1.424
v .95 -9.975 -1.424
v 0 -9.975 -1.424
v -0.95 -9.975 -1.424
v -1.9 -9.975 -1.424
v -2.849 -9.975 -1.424
v -3.8 -9.975 -1.424
v 3.8 8.074 -2.375
v 3.8 9.025 -2.375
v 2.849 8.074 -2.375
v 2.849 9.025 -2.375
v 1.9 8.074 -2.375
v 1.9 9.025 -2.375
v .95 8.074 -2.375
v .95 9.025 -2.375
v 0 8.074 -2.375
v 0 9.025 -2.375
v -0.95 8.074 -2.375
v -0.95 9.025 -2.375
v -1.9 8.074 -2.375
v -1.9 9.025 -2.375
v -2.849 8.074 -2.375
v -2.849 9.025 -2.375
v -3.8 9.025 -2.375
v -3.8 8.074 -2.375
v 5.699 7.125 -2.375
v 5.699 8.074 -2.375
v 4.75 7.125 -2.375
v 4.75 8.074 -2.375
v 3.8 7.125 -2.375
v 3.8 7.125 -1.424
v -5.699 -1.424 4.274
v -5.699 -0.475 4.274
v -4.75 -1.424 4.274
v -4.75 -0.475 4.274
v -3.8 7.125 -1.424
v -3.8 7.125 -2.375
v -4.75 7.125 -1.424
v -4.75 7.125 -2.375
v -4.75 8.074 -2.375
v -5.699 7.125 -2.375
v -5.699 8.074 -2.375
v -6.649 8.074 -2.375
v -6.649 7.125 -2.375
v 5.699 6.175 -2.375
v 6.649 6.175 -2.375
v 6.649 7.125 -2.375
v -3.8 -0.475 4.274
v -3.8 -0.475 3.324
v 2.849 -0.475 3.324
v 2.849 -0.475 4.274
v 3.8 -1.424 4.274
v 3.8 -0.475 4.274
v 4.75 -0.475 4.274
v 4.75 -1.424 4.274
v -5.699 .475 4.274
v -4.75 .475 4.274
v -4.75 .475 3.324
v -7.6 7.125 -2.375
v -7.6 6.175 -2.375
v -6.649 6.175 -2.375
v 6.649 5.225 -2.375
v 7.6 5.225 -2.375
v 7.6 6.175 -2.375
v 3.8 .475 3.324
v 3.8 .475 4.274
v 4.75 .475 4.274
v -6.649 .475 4.274
v -6.649 1.424 4.274
v -5.699 1.424 4.274
v 4.75 1.424 4.274
v 5.699 1.424 4.274
v 5.699 .475 4.274
v -6.649 2.375 4.274
v -5.699 2.375 4.274
v -5.699 2.375 3.324
v -8.549 6.175 -2.375
v -8.549 5.225 -2.375
v -7.6 5.225 -2.375
v 6.649 4.274 -2.375
v 7.6 4.274 -2.375
v 4.75 2.375 3.324
v 4.75 2.375 4.274
v 5.699 2.375 4.274
v -6.649 3.324 4.274
v -5.699 3.324 4.274
v -5.699 3.324 3.324
v 4.75 3.324 3.324
v 4.75 3.324 4.274
v 5.699 3.324 4.274
v -6.649 4.274 4.274
v -5.699 4.274 4.274
v -8.549 4.274 -2.375
v -7.6 4.274 -2.375
v 6.649 3.324 -2.375
v 7.6 3.324 -2.375
v 4.75 4.274 4.274
v 5.699 4.274 4.274
v -6.649 5.225 4.274
v -5.699 5.225 4.274
v -8.549 3.324 -2.375
v -7.6 3.324 -2.375
v 6.649 2.375 -2.375
v 7.6 2.375 -2.375
v 4.75 5.225 4.274
v 5.699 5.225 4.274
v -5.699 6.175 4.274
v -4.75 6.175 4.274
v -4.75 5.225 4.274
v -4.75 5.225 3.324
v -8.549 2.375 -2.375
v -7.6 2.375 -2.375
v 6.649 1.424 -2.375
v 7.6 1.424 -2.375
v 3.8 5.225 3.324
v 3.8 5.225 4.274
v 3.8 6.175 4.274
v 4.75 6.175 4.274
v -5.699 7.125 4.274
v -4.75 7.125 4.274
v -8.549 1.424 -2.375
v -7.6 1.424 -2.375
v 6.649 .475 -2.375
v 7.6 .475 -2.375
v 3.8 7.125 4.274
v 4.75 7.125 4.274
v -4.75 8.074 4.274
v -3.8 7.125 4.274
v -3.8 8.074 4.274
v -2.849 7.125 3.324
v -2.849 7.125 4.274
v -2.849 8.074 4.274
v -6.649 1.424 -1.424
v -6.649 .475 -2.375
v -6.649 1.424 -2.375
v -7.6 .475 -2.375
v -8.549 .475 -2.375
v 7.6 -0.475 -2.375
v 6.649 -0.475 -2.375
v 5.699 .475 -2.375
v 5.699 -0.475 -2.375
v -1.9 8.074 4.274
v -1.9 7.125 4.274
v -1.9 7.125 3.324
v .95 7.125 3.324
v .95 7.125 4.274
v .95 8.074 4.274
v 1.9 7.125 3.324
v 1.9 7.125 4.274
v 1.9 8.074 4.274
v -6.649 -0.475 -2.375
v -7.6 -0.475 -2.375
v -8.549 -0.475 -2.375
v 4.75 -0.475 -2.375
v 4.75 -1.424 -2.375
v 5.699 -1.424 -2.375
v 2.849 7.125 4.274
v 2.849 8.074 4.274
v 3.8 8.074 4.274
v -6.649 -1.424 -2.375
v -5.699 -1.424 -2.375
v -5.699 -0.475 -2.375
v 4.75 -2.375 -2.375
v 3.8 -2.375 -2.375
v 3.8 -1.424 -2.375
v 3.8 -1.424 -1.424
v 2.849 -1.424 -2.375
v 2.849 -2.375 -2.375
v 2.849 -1.424 -1.424
v -1.9 9.025 4.274
v -0.95 8.074 4.274
v -0.95 9.025 4.274
v 0 8.074 4.274
v 0 9.025 4.274
v .95 9.025 4.274
v -4.75 -1.424 5.225
v -4.75 -0.475 5.225
v -3.8 -1.424 5.225
v -3.8 -0.475 5.225
v -3.8 -1.424 -1.424
v -3.8 -2.375 -2.375
v -3.8 -1.424 -2.375
v -4.75 -2.375 -2.375
v -4.75 -1.424 -2.375
v -4.75 -1.424 -1.424
v -5.699 -2.375 -2.375
v 2.849 -3.324 -2.375
v 1.9 -3.324 -2.375
v 1.9 -2.375 -2.375
v 1.9 -2.375 -1.424
v .95 -2.375 -2.375
v .95 -3.324 -2.375
v .95 -3.324 -1.424
v .95 -2.375 -1.424
v -2.849 -1.424 5.225
v -2.849 -0.475 4.274
v -2.849 -0.475 5.225
v -1.9 -1.424 5.225
v -1.9 -0.475 5.225
v -1.9 -0.475 4.274
v -0.95 -1.424 5.225
v -0.95 -0.475 5.225
v -0.95 -0.475 4.274
v -1.9 -2.375 -1.424
v -1.9 -3.324 -1.424
v -1.9 -3.324 -2.375
v -1.9 -2.375 -2.375
v -2.849 -2.375 -2.375
v -2.849 -2.375 -1.424
v -2.849 -3.324 -2.375
v -3.8 -3.324 -2.375
v 1.9 -4.274 -2.375
v .95 -4.274 -2.375
v .95 -4.274 -1.424
v 0 -3.324 -2.375
v 0 -4.274 -2.375
v 0 -4.274 -1.424
v 0 -3.324 -1.424
v 0 -1.424 5.225
v 0 -0.475 5.225
v 0 -0.475 4.274
v -0.95 -3.324 -1.424
v -0.95 -4.274 -1.424
v -0.95 -4.274 -2.375
v -0.95 -3.324 -2.375
v -1.9 -4.274 -1.424
v -1.9 -4.274 -2.375
v -2.849 -4.274 -2.375
v 2.849 -5.225 -2.375
v 2.849 -4.274 -2.375
v 1.9 -5.225 -2.375
v .95 -5.225 -2.375
v .95 -5.225 -1.424
v .95 -1.424 5.225
v .95 -0.475 5.225
v .95 -0.475 4.274
v 1.9 -1.424 5.225
v 1.9 -0.475 5.225
v 1.9 -0.475 4.274
v -1.9 -5.225 -1.424
v -1.9 -5.225 -2.375
v -2.849 -5.225 -2.375
v -3.8 -4.274 -2.375
v -3.8 -5.225 -2.375
v 1.9 -6.175 -2.375
v 2.849 -6.175 -2.375
v 2.849 -1.424 5.225
v 2.849 -0.475 5.225
v 3.8 -0.475 5.225
v 3.8 -1.424 5.225
v -3.8 -6.175 -2.375
v -2.849 -6.175 -2.375
v 1.9 -7.125 -2.375
v 2.849 -7.125 -2.375
v -5.699 -0.475 5.225
v -5.699 .475 5.225
v -4.75 .475 5.225
v -3.8 .475 4.274
v -3.8 .475 5.225
v -2.849 .475 5.225
v -2.849 .475 4.274
v 1.9 .475 4.274
v 1.9 .475 5.225
v 2.849 .475 5.225
v 2.849 .475 4.274
v -3.8 -7.125 -2.375
v -2.849 -7.125 -2.375
v 2.849 -8.074 -2.375
v 1.9 -8.074 -2.375
v .95 -7.125 -2.375
v .95 -7.125 -1.424
v .95 -8.074 -2.375
v 0 -8.074 -2.375
v 0 -7.125 -2.375
v -0.95 -8.074 -2.375
v -0.95 -7.125 -2.375
v -1.9 -8.074 -2.375
v -1.9 -7.125 -2.375
v -1.9 -7.125 -1.424
v -2.849 -8.074 -2.375
v -3.8 -8.074 -2.375
v .95 -9.025 -2.375
v 1.9 -9.025 -2.375
v -2.849 -9.025 -2.375
v -1.9 -9.025 -2.375
v 2.849 8.074 -3.324
v 2.849 9.025 -3.324
v 1.9 8.074 -3.324
v 1.9 9.025 -3.324
v .95 8.074 -3.324
v .95 9.025 -3.324
v 0 8.074 -3.324
v 0 9.025 -3.324
v -0.95 8.074 -3.324
v -0.95 9.025 -3.324
v -1.9 8.074 -3.324
v -1.9 9.025 -3.324
v -2.849 8.074 -3.324
v -2.849 9.025 -3.324
v -3.8 9.025 -3.324
v -3.8 8.074 -3.324
v 4.75 7.125 -3.324
v 4.75 8.074 -3.324
v 3.8 7.125 -3.324
v 3.8 8.074 -3.324
v 2.849 7.125 -3.324
v 2.849 7.125 -2.375
v 3.8 .475 5.225
v 4.75 .475 5.225
v 4.75 -0.475 5.225
v -3.8 7.125 -3.324
v -4.75 7.125 -3.324
v -4.75 8.074 -3.324
v -5.699 8.074 -3.324
v -5.699 7.125 -3.324
v 6.649 6.175 -3.324
v 6.649 7.125 -3.324
v 5.699 7.125 -3.324
v 5.699 6.175 -3.324
v 4.75 6.175 -3.324
v 4.75 6.175 -2.375
v -5.699 1.424 5.225
v -4.75 1.424 4.274
v -4.75 1.424 5.225
v -3.8 1.424 5.225
v -3.8 1.424 4.274
v -5.699 6.175 -2.375
v -5.699 6.175 -3.324
v -6.649 6.175 -3.324
v -6.649 7.125 -3.324
v -7.6 7.125 -3.324
v -7.6 6.175 -3.324
v 5.699 5.225 -3.324
v 5.699 5.225 -2.375
v 6.649 5.225 -3.324
v 2.849 1.424 4.274
v 2.849 1.424 5.225
v 3.8 1.424 5.225
v 3.8 1.424 4.274
v 4.75 1.424 5.225
v -5.699 2.375 5.225
v -4.75 2.375 5.225
v -4.75 2.375 4.274
v 3.8 2.375 4.274
v 3.8 2.375 5.225
v 4.75 2.375 5.225
v -7.6 5.225 -3.324
v -6.649 5.225 -2.375
v -6.649 5.225 -3.324
v 5.699 4.274 -3.324
v 5.699 4.274 -2.375
v 6.649 4.274 -3.324
v -5.699 3.324 5.225
v -4.75 3.324 4.274
v -4.75 3.324 5.225
v -3.8 3.324 5.225
v -3.8 2.375 5.225
v -3.8 2.375 4.274
v -3.8 3.324 4.274
v -7.6 4.274 -3.324
v -6.649 4.274 -2.375
v -6.649 4.274 -3.324
v 7.6 3.324 -3.324
v 7.6 4.274 -3.324
v 6.649 3.324 -3.324
v 5.699 3.324 -3.324
v 5.699 3.324 -2.375
v 3.8 3.324 4.274
v 3.8 3.324 5.225
v 4.75 3.324 5.225
v -5.699 4.274 5.225
v -4.75 4.274 5.225
v -4.75 4.274 4.274
v -6.649 3.324 -2.375
v -6.649 3.324 -3.324
v -7.6 3.324 -3.324
v -8.549 4.274 -3.324
v -8.549 3.324 -3.324
v 7.6 2.375 -3.324
v 6.649 2.375 -3.324
v 5.699 2.375 -3.324
v 5.699 2.375 -2.375
v 2.849 4.274 4.274
v 2.849 3.324 4.274
v 2.849 3.324 5.225
v 2.849 4.274 5.225
v 3.8 4.274 4.274
v 3.8 4.274 5.225
v 4.75 4.274 5.225
v -6.649 2.375 -2.375
v -6.649 2.375 -3.324
v -7.6 2.375 -3.324
v -8.549 2.375 -3.324
v 7.6 1.424 -3.324
v 6.649 1.424 -3.324
v 5.699 1.424 -3.324
v 5.699 1.424 -2.375
v -5.699 5.225 5.225
v -4.75 5.225 5.225
v -3.8 5.225 5.225
v -3.8 4.274 5.225
v -3.8 4.274 4.274
v -3.8 5.225 4.274
v -6.649 1.424 -3.324
v -7.6 1.424 -3.324
v -8.549 1.424 -3.324
v 5.699 .475 -3.324
v 6.649 .475 -3.324
v 2.849 5.225 4.274
v 2.849 5.225 5.225
v 3.8 5.225 5.225
v -6.649 .475 -3.324
v -5.699 1.424 -2.375
v -5.699 .475 -2.375
v -5.699 .475 -3.324
v -5.699 1.424 -3.324
v 4.75 .475 -3.324
v 4.75 -0.475 -3.324
v 4.75 .475 -2.375
v 5.699 -0.475 -3.324
v 4.75 5.225 5.225
v -6.649 -0.475 -3.324
v -5.699 -0.475 -3.324
v 3.8 -0.475 -3.324
v 3.8 -1.424 -3.324
v 3.8 -0.475 -2.375
v 4.75 -1.424 -3.324
v -4.75 6.175 5.225
v -3.8 6.175 4.274
v -3.8 6.175 5.225
v -2.849 6.175 5.225
v -2.849 5.225 5.225
v -2.849 5.225 4.274
v -2.849 6.175 4.274
v -5.699 -1.424 -3.324
v -4.75 -0.475 -2.375
v -4.75 -1.424 -3.324
v -4.75 -0.475 -3.324
v 4.75 -2.375 -3.324
v 3.8 -2.375 -3.324
v 2.849 -2.375 -3.324
v 2.849 -1.424 -3.324
v 1.9 -2.375 -3.324
v 1.9 -1.424 -3.324
v 1.9 -1.424 -2.375
v .95 -1.424 -3.324
v .95 -2.375 -3.324
v .95 -1.424 -2.375
v 1.9 6.175 4.274
v 1.9 5.225 4.274
v 1.9 5.225 5.225
v 1.9 6.175 5.225
v 2.849 6.175 4.274
v 2.849 6.175 5.225
v 3.8 6.175 5.225
v -4.75 7.125 5.225
v -3.8 7.125 5.225
v -1.9 -1.424 -2.375
v -1.9 -2.375 -3.324
v -1.9 -1.424 -3.324
v -2.849 -2.375 -3.324
v -2.849 -1.424 -3.324
v -2.849 -1.424 -2.375
v -3.8 -2.375 -3.324
v -3.8 -1.424 -3.324
v -4.75 -2.375 -3.324
v -5.699 -2.375 -3.324
v .95 -3.324 -3.324
v 0 -3.324 -3.324
v 0 -2.375 -3.324
v 0 -2.375 -2.375
v -0.95 -2.375 -3.324
v -0.95 -2.375 -2.375
v -0.95 -3.324 -3.324
v -1.9 -3.324 -3.324
v -0.95 -4.274 -3.324
v 0 -4.274 -3.324
v 0 -5.225 -3.324
v 0 -5.225 -2.375
v .95 -5.225 -3.324
v .95 -4.274 -3.324
v -2.849 7.125 5.225
v -1.9 -4.274 -3.324
v -1.9 -5.225 -3.324
v -0.95 -5.225 -2.375
v -0.95 -5.225 -3.324
v .95 -6.175 -3.324
v .95 -6.175 -2.375
v 1.9 -6.175 -3.324
v 1.9 -5.225 -3.324
v -1.9 6.175 4.274
v -1.9 6.175 5.225
v -1.9 7.125 5.225
v -0.95 6.175 4.274
v -0.95 6.175 5.225
v -0.95 7.125 4.274
v -0.95 7.125 5.225
v 0 6.175 4.274
v 0 6.175 5.225
v 0 7.125 4.274
v 0 7.125 5.225
v -2.849 -5.225 -3.324
v -2.849 -6.175 -3.324
v -1.9 -6.175 -2.375
v -1.9 -6.175 -3.324
v 1.9 -7.125 -3.324
v .95 -7.125 -3.324
v 0 -6.175 -3.324
v 0 -7.125 -3.324
v 0 -6.175 -2.375
v .95 6.175 4.274
v .95 6.175 5.225
v .95 7.125 5.225
v -0.95 -6.175 -2.375
v -0.95 -7.125 -3.324
v -0.95 -6.175 -3.324
v -1.9 -7.125 -3.324
v -2.849 -7.125 -3.324
v -0.95 -8.074 -3.324
v 0 -8.074 -3.324
v 2.849 8.074 -4.274
v 2.849 9.025 -4.274
v 1.9 8.074 -4.274
v 1.9 9.025 -4.274
v .95 8.074 -4.274
v .95 9.025 -4.274
v 0 8.074 -4.274
v 0 9.025 -4.274
v -0.95 8.074 -4.274
v -0.95 9.025 -4.274
v -1.9 8.074 -4.274
v -1.9 9.025 -4.274
v -2.849 8.074 -4.274
v -2.849 9.025 -4.274
v -3.8 9.025 -4.274
v -3.8 8.074 -4.274
v 2.849 7.125 -4.274
v 3.8 7.125 -4.274
v 3.8 8.074 -4.274
v 1.9 7.125 5.225
v 2.849 7.125 5.225
v 3.8 7.125 5.225
v -2.849 8.074 5.225
v -1.9 8.074 5.225
v -4.75 8.074 -4.274
v -4.75 7.125 -4.274
v -3.8 7.125 -4.274
v 3.8 6.175 -4.274
v 3.8 6.175 -3.324
v 4.75 6.175 -4.274
v 4.75 7.125 -4.274
v -0.95 8.074 5.225
v 0 8.074 5.225
v -5.699 7.125 -4.274
v -5.699 6.175 -4.274
v -4.75 6.175 -3.324
v -4.75 6.175 -4.274
v 4.75 5.225 -4.274
v 4.75 5.225 -3.324
v 5.699 5.225 -4.274
v 5.699 6.175 -4.274
v .95 8.074 5.225
v 1.9 8.074 5.225
v -6.649 6.175 -4.274
v -6.649 5.225 -4.274
v -5.699 5.225 -3.324
v -5.699 5.225 -4.274
v 4.75 4.274 -4.274
v 4.75 4.274 -3.324
v 5.699 4.274 -4.274
v -2.849 -0.475 6.175
v -2.849 .475 6.175
v -1.9 -0.475 6.175
v -1.9 .475 5.225
v -1.9 .475 6.175
v -0.95 -0.475 6.175
v -0.95 .475 5.225
v -0.95 .475 6.175
v -6.649 4.274 -4.274
v -5.699 4.274 -3.324
v -5.699 4.274 -4.274
v 4.75 3.324 -4.274
v 4.75 3.324 -3.324
v 5.699 3.324 -4.274
v -6.649 3.324 -4.274
v -5.699 3.324 -3.324
v -5.699 3.324 -4.274
v 4.75 2.375 -4.274
v 4.75 2.375 -3.324
v 5.699 2.375 -4.274
v -6.649 2.375 -4.274
v -5.699 2.375 -3.324
v -5.699 2.375 -4.274
v 4.75 1.424 -4.274
v 4.75 1.424 -3.324
v 5.699 1.424 -4.274
v -6.649 1.424 -4.274
v -5.699 1.424 -4.274
v 4.75 .475 -4.274
v 5.699 .475 -4.274
v 0 -0.475 6.175
v 0 .475 5.225
v 0 .475 6.175
v -6.649 .475 -4.274
v -5.699 .475 -4.274
v 4.75 -0.475 -4.274
v 5.699 -0.475 -4.274
v .95 -0.475 6.175
v .95 .475 5.225
v .95 .475 6.175
v 1.9 .475 6.175
v 1.9 -0.475 6.175
v -6.649 -0.475 -4.274
v -5.699 -0.475 -4.274
v 3.8 -0.475 -4.274
v 3.8 -1.424 -4.274
v 4.75 -1.424 -4.274
v -3.8 .475 6.175
v -3.8 1.424 6.175
v -2.849 1.424 5.225
v -2.849 1.424 6.175
v -1.9 1.424 5.225
v -1.9 1.424 6.175
v -5.699 -1.424 -4.274
v -4.75 -1.424 -4.274
v -4.75 -0.475 -4.274
v 3.8 -2.375 -4.274
v 2.849 -2.375 -4.274
v 2.849 -1.424 -4.274
v 1.9 -2.375 -4.274
v 1.9 -1.424 -4.274
v .95 -2.375 -4.274
v .95 -1.424 -4.274
v 0 -2.375 -4.274
v 0 -1.424 -4.274
v 0 -1.424 -3.324
v -0.95 -2.375 -4.274
v -0.95 -1.424 -4.274
v -0.95 -1.424 -3.324
v -1.9 -2.375 -4.274
v -1.9 -1.424 -4.274
v -2.849 -2.375 -4.274
v -2.849 -1.424 -4.274
v -3.8 -2.375 -4.274
v -3.8 -1.424 -4.274
v -4.75 -2.375 -4.274
v -0.95 -4.274 -4.274
v -0.95 -5.225 -4.274
v 0 -5.225 -4.274
v 0 -4.274 -4.274
v 0 -6.175 -4.274
v .95 -6.175 -4.274
v .95 -5.225 -4.274
v -0.95 1.424 5.225
v -0.95 1.424 6.175
v -1.9 -5.225 -4.274
v -1.9 -6.175 -4.274
v -0.95 -6.175 -4.274
v 0 -7.125 -4.274
v .95 -7.125 -4.274
v 0 1.424 5.225
v 0 1.424 6.175
v -1.9 -7.125 -4.274
v -0.95 -7.125 -4.274
v -0.95 -8.074 -4.274
v 0 -8.074 -4.274
v 0 8.074 -5.225
v 0 9.025 -5.225
v -0.95 8.074 -5.225
v -0.95 9.025 -5.225
v -1.9 9.025 -5.225
v -1.9 8.074 -5.225
v 2.849 7.125 -5.225
v 2.849 8.074 -5.225
v 1.9 7.125 -4.274
v 1.9 7.125 -5.225
v 1.9 8.074 -5.225
v .95 7.125 -4.274
v .95 7.125 -5.225
v .95 8.074 -5.225
v 0 7.125 -5.225
v 0 7.125 -4.274
v .95 1.424 5.225
v .95 1.424 6.175
v 1.9 1.424 5.225
v 1.9 1.424 6.175
v -1.9 7.125 -4.274
v -1.9 7.125 -5.225
v -2.849 7.125 -4.274
v -2.849 7.125 -5.225
v -2.849 8.074 -5.225
v -3.8 8.074 -5.225
v -3.8 7.125 -5.225
v 2.849 6.175 -5.225
v 2.849 6.175 -4.274
v 3.8 6.175 -5.225
v 3.8 7.125 -5.225
v 2.849 1.424 6.175
v 2.849 .475 6.175
v -4.75 1.424 6.175
v -4.75 2.375 6.175
v -3.8 2.375 6.175
v -2.849 2.375 5.225
v -2.849 2.375 6.175
v -4.75 7.125 -5.225
v -4.75 6.175 -5.225
v -3.8 6.175 -4.274
v -3.8 6.175 -5.225
v 3.8 5.225 -5.225
v 3.8 5.225 -4.274
v 4.75 5.225 -5.225
v 4.75 6.175 -5.225
v -1.9 2.375 5.225
v -1.9 2.375 6.175
v -0.95 2.375 5.225
v -0.95 2.375 6.175
v -5.699 6.175 -5.225
v -5.699 5.225 -5.225
v -4.75 5.225 -4.274
v -4.75 5.225 -5.225
v 3.8 4.274 -5.225
v 3.8 4.274 -4.274
v 4.75 4.274 -5.225
v -5.699 4.274 -5.225
v -4.75 4.274 -4.274
v -4.75 4.274 -5.225
v 4.75 3.324 -5.225
v 5.699 3.324 -5.225
v 5.699 4.274 -5.225
v 0 2.375 5.225
v 0 2.375 6.175
v .95 2.375 5.225
v .95 2.375 6.175
v -6.649 4.274 -5.225
v -6.649 3.324 -5.225
v -5.699 3.324 -5.225
v 4.75 2.375 -5.225
v 5.699 2.375 -5.225
v 1.9 2.375 5.225
v 1.9 2.375 6.175
v 2.849 2.375 5.225
v 2.849 2.375 6.175
v -6.649 2.375 -5.225
v -5.699 2.375 -5.225
v 4.75 1.424 -5.225
v 5.699 1.424 -5.225
v 3.8 2.375 6.175
v 3.8 1.424 6.175
v -3.8 3.324 6.175
v -2.849 3.324 5.225
v -2.849 3.324 6.175
v -6.649 1.424 -5.225
v -5.699 1.424 -5.225
v 4.75 .475 -5.225
v 5.699 .475 -5.225
v -1.9 3.324 5.225
v -1.9 3.324 6.175
v -5.699 .475 -5.225
v -4.75 1.424 -4.274
v -4.75 .475 -4.274
v -4.75 .475 -5.225
v -4.75 1.424 -5.225
v 3.8 .475 -5.225
v 3.8 -0.475 -5.225
v 3.8 .475 -4.274
v 4.75 -0.475 -5.225
v -0.95 3.324 5.225
v -0.95 3.324 6.175
v 0 3.324 5.225
v 0 3.324 6.175
v -5.699 -0.475 -5.225
v -4.75 -0.475 -5.225
v 2.849 -0.475 -5.225
v 2.849 -1.424 -5.225
v 2.849 -0.475 -4.274
v 3.8 -1.424 -5.225
v .95 3.324 5.225
v .95 3.324 6.175
v 1.9 3.324 5.225
v 1.9 3.324 6.175
v 2.849 3.324 6.175
v 3.8 3.324 6.175
v -4.75 3.324 6.175
v -4.75 4.274 6.175
v -3.8 4.274 6.175
v -2.849 4.274 5.225
v -2.849 4.274 6.175
v -1.9 4.274 5.225
v -1.9 4.274 6.175
v -4.75 -1.424 -5.225
v -3.8 -0.475 -4.274
v -3.8 -1.424 -5.225
v -3.8 -0.475 -5.225
v 2.849 -2.375 -5.225
v 1.9 -2.375 -5.225
v 1.9 -1.424 -5.225
v .95 -2.375 -5.225
v .95 -1.424 -5.225
v 0 -2.375 -5.225
v 0 -1.424 -5.225
v -0.95 -2.375 -5.225
v -0.95 -1.424 -5.225
v -1.9 -2.375 -5.225
v -1.9 -1.424 -5.225
v -2.849 -2.375 -5.225
v -2.849 -1.424 -5.225
v -3.8 -2.375 -5.225
v -0.95 -4.274 -5.225
v -0.95 -5.225 -5.225
v 0 -5.225 -5.225
v 0 -4.274 -5.225
v .95 -6.175 -5.225
v .95 -5.225 -5.225
v 0 -6.175 -5.225
v -0.95 -6.175 -5.225
v -1.9 -5.225 -5.225
v -1.9 -6.175 -5.225
v .95 -7.125 -5.225
v 0 -7.125 -5.225
v -0.95 -7.125 -5.225
v -1.9 -7.125 -5.225
v .95 7.125 -6.175
v .95 8.074 -6.175
v 0 8.074 -6.175
v 0 7.125 -6.175
v -0.95 8.074 -6.175
v -0.95 7.125 -6.175
v -0.95 7.125 -5.225
v -1.9 8.074 -6.175
v -1.9 7.125 -6.175
v -2.849 8.074 -6.175
v -2.849 7.125 -6.175
v 2.849 6.175 -6.175
v 2.849 7.125 -6.175
v 1.9 7.125 -6.175
v 1.9 6.175 -6.175
v 1.9 6.175 -5.225
v .95 6.175 -6.175
v .95 6.175 -5.225
v 0 6.175 -5.225
v 0 6.175 -6.175
v -0.95 6.175 -5.225
v -0.95 6.175 -6.175
v -1.9 6.175 -5.225
v -1.9 6.175 -6.175
v -2.849 6.175 -6.175
v -2.849 6.175 -5.225
v -3.8 7.125 -6.175
v -3.8 6.175 -6.175
v 3.8 5.225 -6.175
v 3.8 6.175 -6.175
v 2.849 5.225 -6.175
v 2.849 5.225 -5.225
v 1.9 5.225 -5.225
v 1.9 5.225 -6.175
v .95 5.225 -6.175
v .95 5.225 -5.225
v -0.95 4.274 5.225
v -0.95 4.274 6.175
v 0 4.274 5.225
v 0 4.274 6.175
v .95 4.274 5.225
v .95 4.274 6.175
v -1.9 5.225 -5.225
v -1.9 5.225 -6.175
v -2.849 5.225 -5.225
v -2.849 5.225 -6.175
v -3.8 5.225 -5.225
v -3.8 5.225 -6.175
v -4.75 6.175 -6.175
v -4.75 5.225 -6.175
v 4.75 4.274 -6.175
v 4.75 5.225 -6.175
v 3.8 4.274 -6.175
v 2.849 4.274 -6.175
v 2.849 4.274 -5.225
v 1.9 4.274 5.225
v 1.9 4.274 6.175
v 2.849 4.274 6.175
v -3.8 4.274 -5.225
v -3.8 4.274 -6.175
v -4.75 4.274 -6.175
v -5.699 5.225 -6.175
v -5.699 4.274 -6.175
v 4.75 3.324 -6.175
v 3.8 3.324 -6.175
v 3.8 3.324 -5.225
v 2.849 3.324 -6.175
v 2.849 3.324 -5.225
v -3.8 5.225 6.175
v -2.849 5.225 6.175
v -1.9 5.225 5.225
v -1.9 5.225 6.175
v -3.8 3.324 -5.225
v -3.8 3.324 -6.175
v -4.75 3.324 -6.175
v -4.75 3.324 -5.225
v -5.699 3.324 -6.175
v 4.75 2.375 -6.175
v 3.8 2.375 -6.175
v 3.8 2.375 -5.225
v 2.849 2.375 -6.175
v 2.849 2.375 -5.225
v -0.95 5.225 5.225
v -0.95 5.225 6.175
v -3.8 2.375 -5.225
v -3.8 2.375 -6.175
v -4.75 2.375 -6.175
v -4.75 2.375 -5.225
v -5.699 2.375 -6.175
v 4.75 1.424 -6.175
v 3.8 1.424 -6.175
v 3.8 1.424 -5.225
v 2.849 1.424 -6.175
v 2.849 1.424 -5.225
v 0 5.225 5.225
v 0 5.225 6.175
v .95 5.225 5.225
v .95 5.225 6.175
v -3.8 1.424 -5.225
v -3.8 1.424 -6.175
v -4.75 1.424 -6.175
v -5.699 1.424 -6.175
v 4.75 .475 -6.175
v 3.8 .475 -6.175
v 2.849 .475 -6.175
v 2.849 .475 -5.225
v 1.9 5.225 6.175
v 2.849 5.225 6.175
v -3.8 .475 -5.225
v -3.8 .475 -6.175
v -4.75 .475 -6.175
v -5.699 .475 -6.175
v 4.75 -0.475 -6.175
v 3.8 -0.475 -6.175
v 2.849 -0.475 -6.175
v 1.9 .475 -6.175
v 1.9 -0.475 -6.175
v 1.9 -0.475 -5.225
v 1.9 .475 -5.225
v -2.849 6.175 6.175
v -1.9 6.175 6.175
v -0.95 6.175 6.175
v 0 6.175 6.175
v .95 6.175 6.175
v 1.9 6.175 6.175
v -2.849 .475 -5.225
v -2.849 -0.475 -5.225
v -2.849 -0.475 -6.175
v -2.849 .475 -6.175
v -3.8 -0.475 -6.175
v -4.75 -0.475 -6.175
v -5.699 -0.475 -6.175
v 2.849 -1.424 -6.175
v 1.9 -1.424 -6.175
v .95 -1.424 -6.175
v .95 -0.475 -6.175
v .95 -0.475 -5.225
v 0 -1.424 -6.175
v 0 -0.475 -6.175
v 0 -0.475 -5.225
v -0.95 -1.424 -6.175
v -0.95 -0.475 -6.175
v -0.95 -0.475 -5.225
v -1.9 -1.424 -6.175
v -1.9 -0.475 -6.175
v -1.9 -0.475 -5.225
v -2.849 -1.424 -6.175
v -3.8 -1.424 -6.175
v .95 5.225 -7.125
v .95 6.175 -7.125
v 0 6.175 -7.125
v 0 5.225 -7.125
v 0 5.225 -6.175
v -0.95 6.175 -7.125
v -0.95 5.225 -7.125
v -0.95 5.225 -6.175
v -1.9 6.175 -7.125
v -1.9 5.225 -7.125
v 2.849 4.274 -7.125
v 2.849 5.225 -7.125
v 1.9 5.225 -7.125
v 1.9 4.274 -7.125
v 1.9 4.274 -6.175
v .95 4.274 -7.125
v .95 4.274 -6.175
v 0 4.274 -7.125
v 0 4.274 -6.175
v -0.95 4.274 -7.125
v -0.95 4.274 -6.175
v -1.9 4.274 -7.125
v -1.9 4.274 -6.175
v -2.849 5.225 -7.125
v -2.849 4.274 -7.125
v -2.849 4.274 -6.175
v -3.8 5.225 -7.125
v -3.8 4.274 -7.125
v 2.849 3.324 -7.125
v 1.9 3.324 -7.125
v 1.9 3.324 -6.175
v .95 3.324 -7.125
v .95 3.324 -6.175
v 0 3.324 -7.125
v 0 3.324 -6.175
v -0.95 3.324 -7.125
v -0.95 3.324 -6.175
v -1.9 3.324 -7.125
v -1.9 3.324 -6.175
v -2.849 3.324 -7.125
v -2.849 3.324 -6.175
v -3.8 3.324 -7.125
v 2.849 2.375 -7.125
v 1.9 2.375 -7.125
v 1.9 2.375 -6.175
v .95 2.375 -7.125
v .95 2.375 -6.175
v 0 2.375 -7.125
v 0 2.375 -6.175
v -0.95 2.375 -7.125
v -0.95 2.375 -6.175
v -1.9 2.375 -7.125
v -1.9 2.375 -6.175
v -2.849 2.375 -7.125
v -2.849 2.375 -6.175
v -3.8 2.375 -7.125
v 2.849 1.424 -7.125
v 1.9 1.424 -7.125
v 1.9 1.424 -6.175
v .95 1.424 -7.125
v .95 1.424 -6.175
v 0 1.424 -7.125
v 0 1.424 -6.175
v -0.95 1.424 -7.125
v -0.95 1.424 -6.175
v -1.9 1.424 -7.125
v -1.9 1.424 -6.175
v -2.849 1.424 -7.125
v -2.849 1.424 -6.175
v -3.8 1.424 -7.125
v 2.849 .475 -7.125
v 1.9 .475 -7.125
v .95 .475 -7.125
v .95 .475 -6.175
v 0 .475 -7.125
v 0 .475 -6.175
v -0.95 .475 -7.125
v -0.95 .475 -6.175
v -1.9 .475 -7.125
v -1.9 .475 -6.175
v -2.849 .475 -7.125
v -3.8 .475 -7.125
v 1.9 -0.475 -7.125
v .95 -0.475 -7.125
v 0 -0.475 -7.125
v -0.95 -0.475 -7.125
v -1.9 -0.475 -7.125
v -2.849 -0.475 -7.125

f 3 2 1
f 4 3 1
f 7 6 5
f 8 7 5
f 11 10 9
f 12 11 9
f 15 14 13
f 16 15 13
f 18 17 2
f 3 18 2
f 20 19 6
f 7 20 6
f 12 9 21
f 22 12 21
f 16 13 23
f 24 16 23
f 4 1 25
f 26 4 25
f 8 5 27
f 28 8 27
f 22 21 29
f 30 22 29
f 24 23 31
f 32 24 31
f 26 25 33
f 34 26 33
f 28 27 35
f 36 28 35
f 38 37 10
f 11 38 10
f 40 39 14
f 15 40 14
f 42 41 19
f 20 42 19
f 42 44 43
f 41 42 43
f 41 43 18
f 19 41 18
f 47 46 45
f 48 47 45
f 44 46 47
f 43 44 47
f 18 48 45
f 17 18 45
f 30 29 49
f 50 30 49
f 32 31 51
f 52 32 51
f 34 33 53
f 54 34 53
f 36 35 55
f 56 36 55
f 59 58 57
f 60 59 57
f 59 62 61
f 58 59 61
f 57 39 40
f 60 57 40
f 64 63 37
f 38 64 37
f 62 63 64
f 61 62 64
f 61 64 38
f 39 61 38
f 67 66 65
f 68 67 65
f 70 69 47
f 46 70 47
f 47 68 65
f 46 47 65
f 50 49 71
f 72 50 71
f 52 51 73
f 74 52 73
f 73 72 71
f 74 73 71
f 51 50 72
f 73 51 72
f 54 53 75
f 76 54 75
f 56 55 77
f 78 56 77
f 77 76 75
f 78 77 75
f 55 54 76
f 77 55 76
f 80 79 59
f 58 80 59
f 83 82 81
f 84 83 81
f 81 58 59
f 84 81 59
f 82 80 58
f 81 82 58
f 87 86 85
f 88 87 85
f 85 69 70
f 88 85 70
f 86 89 69
f 85 86 69
f 91 90 70
f 66 91 70
f 89 92 67
f 69 89 67
f 95 94 93
f 96 95 93
f 67 96 93
f 66 67 93
f 94 91 66
f 93 94 66
f 92 95 96
f 67 92 96
f 73 74 97
f 98 73 97
f 101 100 99
f 102 101 99
f 101 74 73
f 100 101 73
f 105 104 103
f 106 105 103
f 75 76 107
f 108 75 107
f 75 104 105
f 76 75 105
f 98 97 109
f 110 98 109
f 111 110 109
f 112 111 109
f 99 98 110
f 111 99 110
f 115 114 113
f 116 115 113
f 115 102 99
f 114 115 99
f 113 111 112
f 116 113 112
f 119 118 117
f 120 119 117
f 103 118 119
f 106 103 119
f 121 120 117
f 122 121 117
f 108 107 123
f 124 108 123
f 123 121 122
f 124 123 122
f 107 106 121
f 123 107 121
f 113 116 125
f 126 113 125
f 127 116 113
f 128 127 113
f 129 126 125
f 130 129 125
f 128 113 126
f 129 128 126
f 133 132 131
f 134 133 131
f 131 82 83
f 134 131 83
f 135 133 134
f 83 135 134
f 132 136 82
f 131 132 82
f 137 135 83
f 79 137 83
f 136 138 80
f 82 136 80
f 141 140 139
f 142 141 139
f 80 142 139
f 79 80 139
f 138 141 142
f 80 138 142
f 144 143 86
f 87 144 86
f 143 145 89
f 86 143 89
f 147 146 90
f 91 147 90
f 145 148 92
f 89 145 92
f 149 147 91
f 94 149 91
f 148 150 95
f 92 148 95
f 95 152 151
f 94 95 151
f 153 149 94
f 151 153 94
f 150 154 152
f 95 150 152
f 157 156 155
f 158 157 155
f 152 158 155
f 151 152 155
f 156 153 151
f 155 156 151
f 154 157 158
f 152 154 158
f 159 127 128
f 160 159 128
f 161 129 130
f 162 161 130
f 160 128 129
f 161 160 129
f 163 159 160
f 164 163 160
f 165 161 162
f 166 165 162
f 167 163 164
f 168 167 164
f 169 165 166
f 170 169 166
f 171 167 168
f 172 171 168
f 173 169 170
f 174 173 170
f 175 171 172
f 176 175 172
f 177 173 174
f 178 177 174
f 181 180 179
f 182 181 179
f 179 184 183
f 182 179 183
f 185 181 182
f 183 185 182
f 180 186 184
f 179 180 184
f 184 132 133
f 183 184 133
f 187 185 183
f 133 187 183
f 186 188 132
f 184 186 132
f 189 187 133
f 135 189 133
f 188 190 136
f 132 188 136
f 191 189 135
f 137 191 135
f 190 192 138
f 136 190 138
f 194 193 140
f 141 194 140
f 192 194 141
f 138 192 141
f 196 195 143
f 144 196 143
f 196 198 197
f 195 196 197
f 195 197 145
f 143 195 145
f 198 200 199
f 197 198 199
f 197 199 148
f 145 197 148
f 200 202 201
f 199 200 201
f 199 201 150
f 148 199 150
f 202 204 203
f 201 202 203
f 201 203 154
f 150 201 154
f 205 204 153
f 156 205 153
f 203 206 157
f 154 203 157
f 209 208 207
f 210 209 207
f 205 208 209
f 206 205 209
f 157 210 207
f 156 157 207
f 208 205 156
f 207 208 156
f 206 209 210
f 157 206 210
f 211 175 176
f 212 211 176
f 213 177 178
f 214 213 178
f 215 211 212
f 216 215 212
f 217 213 214
f 218 217 214
f 221 220 219
f 222 221 219
f 221 224 223
f 220 221 223
f 219 180 181
f 222 219 181
f 224 221 222
f 181 224 222
f 220 223 180
f 219 220 180
f 225 224 181
f 185 225 181
f 223 226 186
f 180 223 186
f 225 228 227
f 226 225 227
f 226 227 188
f 186 226 188
f 228 230 229
f 227 228 229
f 227 229 190
f 188 227 190
f 230 232 231
f 229 230 231
f 229 231 192
f 190 229 192
f 234 233 193
f 194 234 193
f 232 233 234
f 231 232 234
f 231 234 194
f 192 231 194
f 236 235 205
f 206 236 205
f 238 237 203
f 204 238 203
f 237 236 206
f 203 237 206
f 239 215 216
f 240 239 216
f 241 217 218
f 242 241 218
f 243 239 240
f 244 243 240
f 245 241 242
f 246 245 242
f 244 240 241
f 245 244 241
f 248 247 225
f 226 248 225
f 250 249 223
f 224 250 223
f 249 248 226
f 223 249 226
f 252 251 235
f 236 252 235
f 254 253 237
f 238 254 237
f 253 252 236
f 237 253 236
f 117 120 255
f 256 117 255
f 117 243 244
f 120 117 244
f 255 245 246
f 256 255 246
f 120 244 245
f 255 120 245
f 259 258 257
f 260 259 257
f 261 258 259
f 262 261 259
f 258 261 263
f 257 258 263
f 262 259 260
f 264 262 260
f 266 265 247
f 248 266 247
f 268 267 249
f 250 268 249
f 267 266 248
f 249 267 248
f 270 269 253
f 254 270 253
f 269 271 252
f 253 269 252
f 274 273 272
f 275 274 272
f 252 275 272
f 251 252 272
f 273 276 251
f 272 273 251
f 271 274 275
f 252 271 275
f 277 261 262
f 278 277 262
f 261 277 279
f 263 261 279
f 278 262 264
f 280 278 264
f 274 282 281
f 275 274 281
f 274 277 278
f 282 274 278
f 277 274 275
f 279 277 275
f 282 278 280
f 281 282 280
f 283 267 249
f 284 283 249
f 257 267 283
f 260 257 283
f 267 257 285
f 249 267 285
f 260 283 284
f 286 260 284
f 287 258 257
f 288 287 257
f 257 267 268
f 288 257 268
f 289 287 288
f 268 289 288
f 258 290 267
f 257 258 267
f 292 291 265
f 266 292 265
f 290 292 266
f 267 290 266
f 294 293 269
f 270 294 269
f 293 295 271
f 269 293 271
f 297 296 276
f 273 297 276
f 295 298 274
f 271 295 274
f 274 277 299
f 273 274 299
f 300 297 273
f 299 300 273
f 298 301 277
f 274 298 277
f 300 303 302
f 301 300 302
f 277 261 304
f 299 277 304
f 301 302 261
f 277 301 261
f 261 258 287
f 304 261 287
f 305 303 304
f 287 305 304
f 302 306 258
f 261 302 258
f 307 305 287
f 289 307 287
f 306 308 290
f 258 306 290
f 310 309 291
f 292 310 291
f 308 310 292
f 290 308 292
f 312 311 293
f 294 312 293
f 311 313 295
f 293 311 295
f 315 314 296
f 297 315 296
f 313 316 298
f 295 313 298
f 318 317 300
f 301 318 300
f 316 318 301
f 298 316 301
f 320 319 302
f 303 320 302
f 319 321 306
f 302 319 306
f 323 322 305
f 307 323 305
f 321 324 308
f 306 321 308
f 326 325 309
f 310 326 309
f 324 326 310
f 308 324 310
f 328 327 311
f 312 328 311
f 328 330 329
f 327 328 329
f 327 329 313
f 311 327 313
f 330 332 331
f 329 330 331
f 329 331 316
f 313 329 316
f 334 333 317
f 318 334 317
f 332 333 334
f 331 332 334
f 331 334 318
f 316 331 318
f 336 335 319
f 320 336 319
f 336 338 337
f 335 336 337
f 335 337 321
f 319 335 321
f 338 340 339
f 337 338 339
f 337 339 324
f 321 337 324
f 342 341 325
f 326 342 325
f 340 341 342
f 339 340 342
f 339 342 326
f 324 339 326
f 343 117 256
f 344 343 256
f 343 345 243
f 117 343 243
f 256 246 346
f 344 256 346
f 345 347 239
f 243 345 239
f 246 242 348
f 346 246 348
f 347 349 215
f 239 347 215
f 242 218 350
f 348 242 350
f 349 351 211
f 215 349 211
f 218 214 352
f 350 218 352
f 351 353 175
f 211 351 175
f 214 178 354
f 352 214 354
f 353 355 171
f 175 353 171
f 178 174 356
f 354 178 356
f 355 357 167
f 171 355 167
f 174 170 358
f 356 174 358
f 357 359 163
f 167 357 163
f 170 166 360
f 358 170 360
f 359 361 159
f 163 359 159
f 166 162 362
f 360 166 362
f 361 363 127
f 159 361 127
f 162 130 364
f 362 162 364
f 116 366 365
f 125 116 365
f 363 366 116
f 127 363 116
f 130 125 365
f 364 130 365
f 367 108 124
f 368 367 124
f 124 122 369
f 368 124 369
f 118 370 343
f 117 118 343
f 371 370 118
f 103 371 118
f 122 117 343
f 369 122 343
f 257 263 372
f 285 257 372
f 264 260 286
f 373 264 286
f 263 279 374
f 372 263 374
f 280 264 373
f 375 280 373
f 279 275 376
f 374 279 376
f 281 280 375
f 377 281 375
f 252 379 378
f 236 252 378
f 252 275 281
f 379 252 281
f 275 252 236
f 376 275 236
f 379 281 377
f 378 379 377
f 284 249 223
f 380 284 223
f 381 380 223
f 220 381 223
f 249 285 220
f 223 249 220
f 286 284 380
f 381 286 380
f 285 372 382
f 220 285 382
f 373 286 381
f 383 373 381
f 384 115 116
f 366 384 116
f 384 385 102
f 115 384 102
f 116 112 386
f 366 116 386
f 97 388 387
f 109 97 387
f 112 109 387
f 386 112 387
f 104 389 371
f 103 104 371
f 390 75 108
f 367 390 108
f 390 389 104
f 75 390 104
f 372 374 391
f 382 372 391
f 375 373 383
f 392 375 383
f 374 376 209
f 391 374 209
f 377 375 392
f 393 377 392
f 236 378 394
f 206 236 394
f 394 393 209
f 206 394 209
f 376 236 206
f 209 376 206
f 378 377 393
f 394 378 393
f 381 220 219
f 395 381 219
f 220 382 396
f 219 220 396
f 383 381 395
f 397 383 395
f 74 398 388
f 97 74 388
f 399 101 102
f 385 399 102
f 399 398 74
f 101 399 74
f 53 400 390
f 75 53 390
f 401 56 78
f 402 401 78
f 78 75 390
f 402 78 390
f 382 391 403
f 396 382 403
f 392 383 397
f 404 392 397
f 209 393 405
f 210 209 405
f 391 209 210
f 403 391 210
f 393 392 404
f 405 393 404
f 406 180 179
f 407 406 179
f 219 180 406
f 395 219 406
f 408 407 179
f 409 408 179
f 180 219 409
f 179 180 409
f 395 406 407
f 408 395 407
f 410 408 409
f 411 410 409
f 219 396 411
f 409 219 411
f 397 395 408
f 410 397 408
f 49 413 412
f 71 49 412
f 414 52 74
f 398 414 74
f 74 71 412
f 398 74 412
f 33 415 400
f 53 33 400
f 416 36 56
f 401 416 56
f 417 410 411
f 418 417 411
f 396 403 418
f 411 396 418
f 404 397 410
f 417 404 410
f 419 417 418
f 420 419 418
f 403 210 420
f 418 403 420
f 405 404 417
f 419 405 417
f 29 421 413
f 49 29 413
f 422 32 52
f 414 422 52
f 25 423 415
f 33 25 415
f 424 28 36
f 416 424 36
f 157 426 425
f 158 157 425
f 157 210 405
f 426 157 405
f 425 419 420
f 158 425 420
f 210 157 158
f 420 210 158
f 426 405 419
f 425 426 419
f 427 132 131
f 428 427 131
f 184 132 427
f 429 184 427
f 430 428 131
f 431 430 131
f 132 184 431
f 131 132 431
f 21 432 421
f 29 21 421
f 433 24 32
f 422 433 32
f 1 434 423
f 25 1 423
f 435 8 28
f 424 435 28
f 179 407 436
f 437 179 436
f 179 184 429
f 407 179 429
f 436 430 431
f 437 436 431
f 184 179 437
f 431 184 437
f 425 158 438
f 439 425 438
f 152 158 425
f 440 152 425
f 441 439 438
f 442 441 438
f 158 152 442
f 438 158 442
f 9 443 432
f 21 9 432
f 444 16 24
f 433 444 24
f 2 445 434
f 1 2 434
f 446 7 8
f 435 446 8
f 95 448 447
f 96 95 447
f 95 152 440
f 448 95 440
f 447 441 442
f 96 447 442
f 152 95 96
f 442 152 96
f 449 82 81
f 450 449 81
f 131 428 451
f 452 131 451
f 131 82 449
f 428 131 449
f 451 450 81
f 452 451 81
f 82 131 452
f 81 82 452
f 10 453 443
f 9 10 443
f 454 15 16
f 444 454 16
f 17 455 445
f 2 17 445
f 456 20 7
f 446 456 7
f 447 96 457
f 458 447 457
f 67 96 447
f 459 67 447
f 460 458 457
f 68 460 457
f 96 67 68
f 457 96 68
f 69 462 461
f 47 69 461
f 69 67 459
f 462 69 459
f 461 460 68
f 47 461 68
f 462 459 460
f 461 462 460
f 37 463 453
f 10 37 453
f 464 40 15
f 454 464 15
f 465 42 20
f 456 465 20
f 465 466 44
f 42 465 44
f 46 468 467
f 45 46 467
f 466 468 46
f 44 466 46
f 17 45 467
f 455 17 467
f 469 61 39
f 470 469 39
f 58 61 469
f 471 58 469
f 471 469 470
f 472 471 470
f 81 450 473
f 474 81 473
f 81 58 471
f 450 81 471
f 473 472 57
f 474 473 57
f 58 81 474
f 57 58 474
f 475 59 60
f 476 475 60
f 475 477 62
f 59 475 62
f 60 40 464
f 476 60 464
f 63 478 463
f 37 63 463
f 477 478 63
f 62 477 63
f 66 480 479
f 65 66 479
f 481 70 46
f 468 481 46
f 481 480 66
f 70 481 66
f 46 65 479
f 468 46 479
f 461 47 48
f 482 461 48
f 43 484 483
f 18 43 483
f 43 47 461
f 484 43 461
f 484 461 482
f 483 484 482
f 485 38 11
f 486 485 11
f 39 38 485
f 470 39 485
f 470 485 486
f 487 470 486
f 79 488 475
f 59 79 475
f 489 83 84
f 490 489 84
f 489 488 79
f 83 489 79
f 84 59 475
f 490 84 475
f 90 491 481
f 70 90 481
f 492 87 88
f 493 492 88
f 88 70 481
f 493 88 481
f 57 472 494
f 495 57 494
f 494 487 14
f 495 494 14
f 39 57 495
f 14 39 495
f 472 470 487
f 494 472 487
f 482 48 496
f 497 482 496
f 498 497 496
f 3 498 496
f 48 18 3
f 496 48 3
f 483 482 497
f 498 483 497
f 19 500 499
f 6 19 499
f 19 18 483
f 500 19 483
f 500 483 498
f 499 500 498
f 486 11 12
f 501 486 12
f 14 487 502
f 13 14 502
f 487 486 501
f 502 487 501
f 498 3 4
f 503 498 4
f 6 499 504
f 5 6 504
f 499 498 503
f 504 499 503
f 501 12 22
f 505 501 22
f 13 502 506
f 23 13 506
f 502 501 505
f 506 502 505
f 503 4 26
f 507 503 26
f 5 504 508
f 27 5 508
f 504 503 507
f 508 504 507
f 505 22 30
f 509 505 30
f 23 506 510
f 31 23 510
f 506 505 509
f 510 506 509
f 507 26 34
f 511 507 34
f 27 508 512
f 35 27 512
f 508 507 511
f 512 508 511
f 509 30 50
f 513 509 50
f 514 513 50
f 51 514 50
f 510 509 513
f 514 510 513
f 517 516 515
f 518 517 515
f 517 31 510
f 516 517 510
f 31 517 518
f 51 31 518
f 516 510 514
f 515 516 514
f 140 520 519
f 139 140 519
f 521 137 79
f 488 521 79
f 79 139 519
f 488 79 519
f 146 522 491
f 90 146 491
f 523 144 87
f 492 523 87
f 526 525 524
f 527 526 524
f 34 525 526
f 511 34 526
f 525 34 54
f 524 525 54
f 511 526 527
f 528 511 527
f 35 512 529
f 55 35 529
f 529 528 54
f 55 529 54
f 512 511 528
f 529 512 528
f 514 51 73
f 530 514 73
f 518 515 531
f 100 518 531
f 51 518 100
f 73 51 100
f 515 514 530
f 531 515 530
f 527 524 105
f 532 527 105
f 54 528 533
f 76 54 533
f 524 54 76
f 105 524 76
f 528 527 532
f 533 528 532
f 530 73 98
f 534 530 98
f 535 534 98
f 99 535 98
f 531 530 534
f 535 531 534
f 538 537 536
f 114 538 536
f 538 100 531
f 537 538 531
f 100 538 114
f 99 100 114
f 537 531 535
f 536 537 535
f 540 539 119
f 541 540 119
f 105 539 540
f 532 105 540
f 539 105 106
f 119 539 106
f 532 540 541
f 542 532 541
f 193 543 520
f 140 193 520
f 544 191 137
f 521 544 137
f 545 196 144
f 523 545 144
f 545 546 198
f 196 545 198
f 546 547 200
f 198 546 200
f 146 147 548
f 522 146 548
f 547 549 202
f 200 547 202
f 147 149 550
f 548 147 550
f 204 552 551
f 153 204 551
f 549 552 204
f 202 549 204
f 149 153 551
f 550 149 551
f 76 533 553
f 107 76 553
f 553 542 106
f 107 553 106
f 533 532 542
f 553 533 542
f 535 99 111
f 554 535 111
f 555 554 111
f 113 555 111
f 536 535 554
f 555 536 554
f 556 114 536
f 557 556 536
f 558 555 113
f 128 558 113
f 114 556 128
f 113 114 128
f 561 560 559
f 160 561 559
f 561 556 557
f 560 561 557
f 559 558 128
f 160 559 128
f 556 561 160
f 128 556 160
f 562 225 185
f 563 562 185
f 562 564 228
f 225 562 228
f 185 187 565
f 563 185 565
f 564 566 230
f 228 564 230
f 187 189 567
f 565 187 567
f 566 568 232
f 230 566 232
f 189 191 544
f 567 189 544
f 233 569 543
f 193 233 543
f 568 569 233
f 232 568 233
f 235 571 570
f 205 235 570
f 572 238 204
f 552 572 204
f 204 205 570
f 552 204 570
f 247 573 562
f 225 247 562
f 574 250 224
f 575 574 224
f 224 225 562
f 575 224 562
f 251 576 571
f 235 251 571
f 577 254 238
f 572 577 238
f 265 578 573
f 247 265 573
f 579 268 250
f 574 579 250
f 276 580 576
f 251 276 576
f 581 270 254
f 577 581 254
f 291 582 578
f 265 291 578
f 583 289 268
f 579 583 268
f 296 584 580
f 276 296 580
f 585 294 270
f 581 585 270
f 587 586 240
f 588 587 240
f 589 586 587
f 590 589 587
f 591 588 240
f 244 591 240
f 586 589 244
f 240 586 244
f 303 593 592
f 304 303 592
f 594 300 299
f 595 594 299
f 594 593 303
f 300 594 303
f 299 304 592
f 595 299 592
f 119 589 590
f 541 119 590
f 596 591 244
f 120 596 244
f 589 119 120
f 244 589 120
f 309 597 582
f 291 309 582
f 598 307 289
f 583 598 289
f 314 599 584
f 296 314 584
f 600 312 294
f 585 600 294
f 317 601 594
f 300 317 594
f 602 315 297
f 603 602 297
f 297 300 594
f 603 297 594
f 322 605 604
f 305 322 604
f 606 320 303
f 593 606 303
f 303 305 604
f 593 303 604
f 325 607 597
f 309 325 597
f 608 323 307
f 598 608 307
f 609 328 312
f 600 609 312
f 609 610 330
f 328 609 330
f 610 611 332
f 330 610 332
f 314 315 602
f 599 314 602
f 333 612 601
f 317 333 601
f 611 612 333
f 332 611 333
f 613 336 320
f 606 613 320
f 613 614 338
f 336 613 338
f 614 615 340
f 338 614 340
f 322 323 608
f 605 322 608
f 341 616 607
f 325 341 607
f 615 616 341
f 340 615 341
f 617 343 344
f 618 617 344
f 617 619 345
f 343 617 345
f 344 346 620
f 618 344 620
f 619 617 618
f 620 619 618
f 619 621 347
f 345 619 347
f 346 348 622
f 620 346 622
f 621 623 349
f 347 621 349
f 348 350 624
f 622 348 624
f 623 625 351
f 349 623 351
f 350 352 626
f 624 350 626
f 625 627 353
f 351 625 353
f 352 354 628
f 626 352 628
f 627 629 355
f 353 627 355
f 354 356 630
f 628 354 630
f 629 631 357
f 355 629 357
f 356 358 632
f 630 356 632
f 631 633 359
f 357 631 359
f 358 360 634
f 632 358 634
f 633 635 361
f 359 633 361
f 360 362 636
f 634 360 636
f 635 637 363
f 361 635 363
f 362 364 638
f 636 362 638
f 637 635 636
f 638 637 636
f 366 640 639
f 365 366 639
f 637 640 366
f 363 637 366
f 364 365 639
f 638 364 639
f 640 637 638
f 639 640 638
f 641 367 368
f 642 641 368
f 368 369 643
f 642 368 643
f 644 641 642
f 643 644 642
f 370 645 617
f 343 370 617
f 644 645 370
f 371 644 370
f 369 343 617
f 643 369 617
f 106 542 646
f 121 106 646
f 646 596 120
f 121 646 120
f 542 541 596
f 646 542 596
f 559 160 161
f 647 559 161
f 164 160 559
f 648 164 559
f 649 647 161
f 165 649 161
f 168 164 648
f 650 168 648
f 651 649 165
f 169 651 165
f 172 168 650
f 652 172 650
f 653 651 169
f 173 653 169
f 654 384 366
f 640 654 366
f 654 655 385
f 384 654 385
f 366 386 656
f 640 366 656
f 388 658 657
f 387 388 657
f 386 387 657
f 656 386 657
f 658 655 656
f 657 658 656
f 389 659 644
f 371 389 644
f 660 390 367
f 641 660 367
f 660 659 389
f 390 660 389
f 176 172 652
f 661 176 652
f 662 653 173
f 177 662 173
f 212 176 661
f 663 212 661
f 664 662 177
f 213 664 177
f 216 212 663
f 665 216 663
f 666 664 213
f 217 666 213
f 240 588 667
f 241 240 667
f 240 216 665
f 588 240 665
f 667 666 217
f 241 667 217
f 398 668 658
f 388 398 658
f 669 399 385
f 655 669 385
f 669 668 398
f 399 669 398
f 400 670 660
f 390 400 660
f 671 401 402
f 672 671 402
f 402 390 660
f 672 402 660
f 673 427 428
f 674 673 428
f 429 427 673
f 675 429 673
f 676 674 428
f 430 676 428
f 675 673 674
f 676 675 674
f 407 429 675
f 677 407 675
f 678 676 430
f 436 678 430
f 408 407 677
f 679 408 677
f 680 678 436
f 681 680 436
f 407 408 681
f 436 407 681
f 410 408 679
f 682 410 679
f 683 680 681
f 684 683 681
f 408 410 684
f 681 408 684
f 413 686 685
f 412 413 685
f 687 414 398
f 668 687 398
f 398 412 685
f 668 398 685
f 415 688 670
f 400 415 670
f 689 416 401
f 671 689 401
f 417 410 682
f 690 417 682
f 691 683 684
f 692 691 684
f 410 417 692
f 684 410 692
f 419 417 690
f 693 419 690
f 694 691 692
f 695 694 692
f 417 419 695
f 692 417 695
f 425 419 693
f 696 425 693
f 697 694 695
f 439 697 695
f 419 425 439
f 695 419 439
f 440 425 696
f 698 440 696
f 699 697 439
f 441 699 439
f 421 700 686
f 413 421 686
f 701 422 414
f 687 701 414
f 423 702 688
f 415 423 688
f 703 424 416
f 689 703 416
f 448 705 704
f 447 448 704
f 448 440 698
f 705 448 698
f 704 699 441
f 447 704 441
f 705 698 699
f 704 705 699
f 706 449 450
f 707 706 450
f 428 674 708
f 451 428 708
f 428 449 706
f 674 428 706
f 708 707 450
f 451 708 450
f 432 709 700
f 421 432 700
f 710 433 422
f 701 710 422
f 434 711 702
f 423 434 702
f 712 435 424
f 703 712 424
f 704 447 458
f 713 704 458
f 459 715 714
f 460 459 714
f 459 447 704
f 715 459 704
f 714 713 458
f 460 714 458
f 716 471 472
f 717 716 472
f 450 707 718
f 473 450 718
f 450 471 716
f 707 450 716
f 707 716 717
f 718 707 717
f 443 719 709
f 432 443 709
f 720 444 433
f 710 720 433
f 445 721 711
f 434 445 711
f 722 446 435
f 712 722 435
f 714 460 723
f 724 714 723
f 461 726 725
f 482 461 725
f 461 460 714
f 726 461 714
f 460 461 482
f 723 460 482
f 726 714 724
f 725 726 724
f 717 472 494
f 727 717 494
f 473 718 728
f 729 473 728
f 728 727 494
f 729 728 494
f 472 473 729
f 494 472 729
f 453 730 719
f 443 453 719
f 731 454 444
f 720 731 444
f 455 732 721
f 445 455 721
f 733 456 446
f 722 733 446
f 724 723 734
f 735 724 734
f 482 725 736
f 497 482 736
f 736 735 734
f 497 736 734
f 723 482 497
f 734 723 497
f 737 487 502
f 738 737 502
f 494 727 739
f 740 494 739
f 494 487 737
f 727 494 737
f 487 494 740
f 502 487 740
f 727 737 738
f 739 727 738
f 736 497 741
f 742 736 741
f 498 744 743
f 503 498 743
f 498 497 736
f 744 498 736
f 497 498 503
f 741 497 503
f 744 736 742
f 743 744 742
f 463 745 730
f 453 463 730
f 746 464 454
f 731 746 454
f 747 465 456
f 733 747 456
f 747 748 466
f 465 747 466
f 468 750 749
f 467 468 749
f 748 750 468
f 466 748 468
f 455 467 749
f 732 455 749
f 738 502 506
f 751 738 506
f 740 739 752
f 753 740 752
f 502 740 753
f 506 502 753
f 739 738 751
f 752 739 751
f 742 741 754
f 755 742 754
f 503 743 756
f 507 503 756
f 741 503 507
f 754 741 507
f 743 742 755
f 756 743 755
f 757 475 476
f 758 757 476
f 757 759 477
f 475 757 477
f 476 464 746
f 758 476 746
f 478 760 745
f 463 478 745
f 759 760 478
f 477 759 478
f 480 762 761
f 479 480 761
f 763 481 468
f 750 763 468
f 468 479 761
f 750 468 761
f 751 506 510
f 764 751 510
f 753 752 765
f 516 753 765
f 765 764 510
f 516 765 510
f 506 753 516
f 510 506 516
f 752 751 764
f 765 752 764
f 755 754 526
f 766 755 526
f 507 756 767
f 511 507 767
f 767 766 526
f 511 767 526
f 754 507 511
f 526 754 511
f 756 755 766
f 767 756 766
f 488 768 757
f 475 488 757
f 769 489 490
f 770 769 490
f 490 475 757
f 770 490 757
f 771 492 493
f 772 771 493
f 493 481 763
f 772 493 763
f 773 771 772
f 763 773 772
f 775 774 762
f 480 775 762
f 774 773 763
f 762 774 763
f 491 775 480
f 481 491 480
f 765 516 515
f 776 765 515
f 779 778 777
f 780 779 777
f 779 516 765
f 778 779 765
f 516 779 780
f 515 516 780
f 783 782 781
f 784 783 781
f 526 766 785
f 527 526 785
f 526 782 783
f 766 526 783
f 782 526 527
f 781 782 527
f 776 515 531
f 786 776 531
f 780 777 787
f 537 780 787
f 787 786 531
f 537 787 531
f 515 780 537
f 531 515 537
f 777 776 786
f 787 777 786
f 784 781 540
f 788 784 540
f 527 785 789
f 532 527 789
f 789 788 540
f 532 789 540
f 781 527 532
f 540 781 532
f 785 784 788
f 789 785 788
f 787 537 536
f 790 787 536
f 793 792 791
f 557 793 791
f 793 537 787
f 792 793 787
f 537 793 557
f 536 537 557
f 795 794 590
f 796 795 590
f 540 788 797
f 541 540 797
f 540 794 795
f 788 540 795
f 794 540 541
f 590 794 541
f 790 536 555
f 798 790 555
f 799 798 555
f 558 799 555
f 791 790 798
f 799 791 798
f 560 801 800
f 559 560 800
f 560 557 791
f 801 560 791
f 800 799 558
f 559 800 558
f 802 587 588
f 803 802 588
f 590 587 802
f 796 590 802
f 804 803 588
f 591 804 588
f 806 805 489
f 769 806 489
f 807 806 769
f 768 807 769
f 805 521 488
f 489 805 488
f 520 809 808
f 519 520 808
f 488 519 808
f 768 488 808
f 809 807 768
f 808 809 768
f 810 523 492
f 771 810 492
f 811 810 771
f 773 811 771
f 812 811 773
f 774 812 773
f 522 548 775
f 491 522 775
f 775 814 813
f 774 775 813
f 815 812 774
f 813 815 774
f 548 550 814
f 775 548 814
f 551 817 816
f 818 551 816
f 814 818 816
f 813 814 816
f 817 815 813
f 816 817 813
f 550 551 818
f 814 550 818
f 541 797 819
f 596 541 819
f 819 804 591
f 596 819 591
f 797 796 804
f 819 797 804
f 800 559 647
f 820 800 647
f 648 559 800
f 821 648 800
f 822 820 647
f 649 822 647
f 821 800 820
f 822 821 820
f 650 648 821
f 823 650 821
f 824 822 649
f 651 824 649
f 823 821 822
f 824 823 822
f 652 650 823
f 825 652 823
f 826 824 651
f 653 826 651
f 661 652 825
f 827 661 825
f 828 826 653
f 662 828 653
f 663 661 827
f 829 663 827
f 830 828 662
f 664 830 662
f 665 663 829
f 831 665 829
f 832 830 664
f 666 832 664
f 831 829 830
f 832 831 830
f 834 563 833
f 835 834 833
f 833 837 836
f 835 833 836
f 838 834 835
f 836 838 835
f 563 565 837
f 833 563 837
f 837 805 806
f 836 837 806
f 839 838 836
f 806 839 836
f 565 567 805
f 837 565 805
f 840 839 806
f 807 840 806
f 567 544 521
f 805 567 521
f 543 841 809
f 520 543 809
f 841 840 807
f 809 841 807
f 842 545 523
f 810 842 523
f 842 843 546
f 545 842 546
f 843 842 810
f 811 843 810
f 843 844 547
f 546 843 547
f 844 843 811
f 812 844 811
f 844 845 549
f 547 844 549
f 845 844 812
f 815 845 812
f 845 846 552
f 549 845 552
f 846 845 815
f 817 846 815
f 570 848 847
f 849 570 847
f 551 849 847
f 817 551 847
f 848 846 817
f 847 848 817
f 552 570 849
f 551 552 849
f 588 803 850
f 667 588 850
f 588 665 831
f 803 588 831
f 850 832 666
f 667 850 666
f 803 831 832
f 850 803 832
f 851 675 676
f 852 851 676
f 677 675 851
f 853 677 851
f 854 852 676
f 678 854 676
f 853 851 852
f 854 853 852
f 856 575 855
f 857 856 855
f 855 563 834
f 857 855 834
f 858 856 857
f 834 858 857
f 575 562 563
f 855 575 563
f 858 859 564
f 562 858 564
f 859 858 834
f 838 859 834
f 859 860 566
f 564 859 566
f 860 859 838
f 839 860 838
f 860 861 568
f 566 860 568
f 861 860 839
f 840 861 839
f 569 862 841
f 543 569 841
f 861 862 569
f 568 861 569
f 862 861 840
f 841 862 840
f 571 863 848
f 570 571 848
f 864 572 552
f 846 864 552
f 679 677 853
f 865 679 853
f 866 854 678
f 680 866 678
f 865 853 854
f 866 865 854
f 682 679 865
f 867 682 865
f 868 866 680
f 683 868 680
f 867 865 866
f 868 867 866
f 573 869 858
f 562 573 858
f 870 574 575
f 856 870 575
f 576 871 863
f 571 576 863
f 872 577 572
f 864 872 572
f 578 873 869
f 573 578 869
f 874 579 574
f 870 874 574
f 580 875 871
f 576 580 871
f 876 581 577
f 872 876 577
f 582 877 873
f 578 582 873
f 878 583 579
f 874 878 579
f 584 879 875
f 580 584 875
f 880 585 581
f 876 880 581
f 690 682 867
f 881 690 867
f 882 868 683
f 691 882 683
f 881 867 868
f 882 881 868
f 593 884 883
f 592 593 883
f 885 594 595
f 886 885 595
f 885 884 593
f 594 885 593
f 595 592 883
f 886 595 883
f 693 690 881
f 887 693 881
f 888 882 691
f 694 888 691
f 887 881 882
f 888 887 882
f 597 889 877
f 582 597 877
f 890 598 583
f 878 890 583
f 599 891 879
f 584 599 879
f 892 600 585
f 880 892 585
f 891 892 880
f 879 891 880
f 696 693 887
f 893 696 887
f 894 888 694
f 697 894 694
f 893 887 888
f 894 893 888
f 601 895 885
f 594 601 885
f 896 602 603
f 897 896 603
f 603 594 885
f 897 603 885
f 895 896 897
f 885 895 897
f 605 899 898
f 604 605 898
f 900 606 593
f 884 900 593
f 593 604 898
f 884 593 898
f 899 900 884
f 898 899 884
f 698 902 901
f 699 698 901
f 698 696 893
f 902 698 893
f 901 894 697
f 699 901 697
f 902 893 894
f 901 902 894
f 607 903 889
f 597 607 889
f 904 608 598
f 890 904 598
f 903 904 890
f 889 903 890
f 905 609 600
f 892 905 600
f 905 906 610
f 609 905 610
f 906 905 892
f 891 906 892
f 906 907 611
f 610 906 611
f 599 602 896
f 891 599 896
f 907 906 891
f 896 907 891
f 612 908 895
f 601 612 895
f 907 908 612
f 611 907 612
f 908 907 896
f 895 908 896
f 909 613 606
f 900 909 606
f 909 910 614
f 613 909 614
f 910 909 900
f 899 910 900
f 910 911 615
f 614 910 615
f 605 608 904
f 899 605 904
f 911 910 899
f 904 911 899
f 616 912 903
f 607 616 903
f 911 912 616
f 615 911 616
f 912 911 904
f 903 912 904
f 913 619 620
f 914 913 620
f 913 915 621
f 619 913 621
f 620 622 916
f 914 620 916
f 915 913 914
f 916 915 914
f 915 917 623
f 621 915 623
f 622 624 918
f 916 622 918
f 917 919 625
f 623 917 625
f 624 626 920
f 918 624 920
f 919 921 627
f 625 919 627
f 626 628 922
f 920 626 922
f 921 923 629
f 627 921 629
f 628 630 924
f 922 628 924
f 923 925 631
f 629 923 631
f 630 632 926
f 924 630 926
f 925 927 633
f 631 925 633
f 632 634 928
f 926 632 928
f 635 930 929
f 636 635 929
f 927 930 635
f 633 927 635
f 634 636 929
f 928 634 929
f 931 644 643
f 932 931 643
f 931 933 645
f 644 931 645
f 643 617 934
f 932 643 934
f 933 931 932
f 934 933 932
f 936 935 913
f 619 936 913
f 933 935 936
f 645 933 936
f 617 619 913
f 934 617 913
f 645 936 619
f 617 645 619
f 937 706 707
f 938 937 707
f 674 706 937
f 939 674 937
f 939 937 938
f 940 939 938
f 942 941 635
f 930 942 635
f 942 944 943
f 941 942 943
f 635 637 945
f 930 635 945
f 941 943 637
f 635 941 637
f 944 946 654
f 943 944 654
f 637 640 947
f 945 637 947
f 943 654 640
f 637 943 640
f 655 949 948
f 656 655 948
f 946 949 655
f 654 946 655
f 640 656 948
f 947 640 948
f 949 946 947
f 948 949 947
f 659 950 931
f 644 659 931
f 951 660 641
f 952 951 641
f 951 950 659
f 660 951 659
f 641 644 931
f 952 641 931
f 676 852 953
f 954 676 953
f 676 674 939
f 852 676 939
f 953 940 708
f 954 953 708
f 674 676 954
f 708 674 954
f 901 699 955
f 956 901 955
f 704 699 901
f 957 704 901
f 958 956 955
f 713 958 955
f 699 704 713
f 955 699 713
f 715 960 959
f 714 715 959
f 715 704 957
f 960 715 957
f 960 957 958
f 959 960 958
f 938 707 718
f 961 938 718
f 708 940 962
f 963 708 962
f 962 961 718
f 963 962 718
f 707 708 963
f 718 707 963
f 668 965 964
f 658 668 964
f 966 669 655
f 949 966 655
f 966 965 668
f 669 966 668
f 655 658 964
f 949 655 964
f 670 967 951
f 660 670 951
f 968 671 672
f 969 968 672
f 672 660 951
f 969 672 951
f 967 968 969
f 951 967 969
f 958 713 970
f 971 958 970
f 714 959 972
f 724 714 972
f 972 971 970
f 724 972 970
f 713 714 724
f 970 713 724
f 973 717 727
f 974 973 727
f 718 961 975
f 728 718 975
f 718 717 973
f 961 718 973
f 961 973 974
f 975 961 974
f 972 724 735
f 976 972 735
f 725 978 977
f 736 725 977
f 725 724 972
f 978 725 972
f 978 972 976
f 977 978 976
f 974 727 739
f 979 974 739
f 728 975 980
f 981 728 980
f 727 728 981
f 739 727 981
f 975 974 979
f 980 975 979
f 686 983 982
f 685 686 982
f 984 687 668
f 965 984 668
f 668 685 982
f 965 668 982
f 983 984 965
f 982 983 965
f 688 985 967
f 670 688 967
f 986 689 671
f 968 986 671
f 985 986 968
f 967 985 968
f 976 735 987
f 988 976 987
f 736 977 989
f 742 736 989
f 735 736 742
f 987 735 742
f 977 976 988
f 989 977 988
f 979 739 752
f 990 979 752
f 981 980 991
f 992 981 991
f 739 981 992
f 752 739 992
f 980 979 990
f 991 980 990
f 988 987 993
f 994 988 993
f 742 989 995
f 755 742 995
f 987 742 755
f 993 987 755
f 989 988 994
f 995 989 994
f 990 752 765
f 996 990 765
f 992 991 997
f 778 992 997
f 752 992 778
f 765 752 778
f 991 990 996
f 997 991 996
f 700 998 983
f 686 700 983
f 999 701 687
f 984 999 687
f 998 999 984
f 983 998 984
f 702 1000 985
f 688 702 985
f 1001 703 689
f 986 1001 689
f 994 993 783
f 1002 994 783
f 755 995 1003
f 766 755 1003
f 993 755 766
f 783 993 766
f 995 994 1002
f 1003 995 1002
f 996 765 776
f 1004 996 776
f 778 997 1005
f 777 778 1005
f 1005 1004 776
f 777 1005 776
f 997 996 1004
f 1005 997 1004
f 709 1006 998
f 700 709 998
f 1007 710 701
f 999 1007 701
f 711 1008 1000
f 702 711 1000
f 1009 712 703
f 1001 1009 703
f 1002 783 784
f 1010 1002 784
f 766 1003 1011
f 785 766 1011
f 1011 1010 784
f 785 1011 784
f 1003 1002 1010
f 1011 1003 1010
f 1005 777 787
f 1012 1005 787
f 1015 1014 1013
f 792 1015 1013
f 1015 777 1005
f 1014 1015 1005
f 777 1015 792
f 787 777 792
f 1014 1005 1012
f 1013 1014 1012
f 719 1016 1006
f 709 719 1006
f 1017 720 710
f 1007 1017 710
f 721 1018 1008
f 711 721 1008
f 1019 722 712
f 1009 1019 712
f 1021 1020 795
f 1022 1021 795
f 784 1010 1023
f 788 784 1023
f 784 1020 1021
f 1010 784 1021
f 1020 784 788
f 795 1020 788
f 1010 1021 1022
f 1023 1010 1022
f 1012 787 790
f 1024 1012 790
f 792 1013 1025
f 791 792 1025
f 1025 1024 790
f 791 1025 790
f 1013 1012 1024
f 1025 1013 1024
f 730 1026 1016
f 719 730 1016
f 1027 731 720
f 1017 1027 720
f 732 1028 1018
f 721 732 1018
f 1029 733 722
f 1019 1029 722
f 1028 1029 1019
f 1018 1028 1019
f 1022 795 796
f 1030 1022 796
f 788 1023 1031
f 797 788 1031
f 1031 1030 796
f 797 1031 796
f 1023 1022 1030
f 1031 1023 1030
f 1025 791 799
f 1032 1025 799
f 801 791 1025
f 1033 801 1025
f 1034 1032 799
f 800 1034 799
f 1033 1025 1032
f 1034 1033 1032
f 1035 801 1033
f 1036 1035 1033
f 1037 1034 800
f 821 1037 800
f 801 1035 821
f 800 801 821
f 1036 1033 1034
f 1037 1036 1034
f 1039 758 1038
f 1040 1039 1038
f 1038 731 1027
f 1040 1038 1027
f 1041 1039 1040
f 1027 1041 1040
f 758 746 731
f 1038 758 731
f 745 1042 1026
f 730 745 1026
f 1042 1041 1027
f 1026 1042 1027
f 1043 747 733
f 1029 1043 733
f 1043 1044 748
f 747 1043 748
f 1044 1043 1029
f 1028 1044 1029
f 750 1046 1045
f 749 750 1045
f 1044 1046 750
f 748 1044 750
f 732 749 1045
f 1028 732 1045
f 1046 1044 1028
f 1045 1046 1028
f 1049 1048 1047
f 823 1049 1047
f 1049 1035 1036
f 1048 1049 1036
f 1047 1037 821
f 823 1047 821
f 1035 1049 823
f 821 1035 823
f 1051 1050 829
f 1052 1051 829
f 1053 1050 1051
f 1054 1053 1051
f 1055 1052 829
f 831 1055 829
f 1050 1053 831
f 829 1050 831
f 1056 757 758
f 1039 1056 758
f 1056 1057 759
f 757 1056 759
f 1057 1056 1039
f 1041 1057 1039
f 760 1058 1042
f 745 760 1042
f 1057 1058 760
f 759 1057 760
f 1058 1057 1041
f 1042 1058 1041
f 762 1060 1059
f 761 762 1059
f 1061 763 750
f 1046 1061 750
f 1061 1060 762
f 763 1061 762
f 750 761 1059
f 1046 750 1059
f 1060 1061 1046
f 1059 1060 1046
f 802 1053 1054
f 1062 802 1054
f 1063 1055 831
f 803 1063 831
f 1053 802 803
f 831 1053 803
f 1062 1054 1055
f 1063 1062 1055
f 796 1030 1064
f 804 796 1064
f 796 802 1062
f 1030 796 1062
f 1064 1063 803
f 804 1064 803
f 1030 1062 1063
f 1064 1030 1063
f 768 1065 1056
f 757 768 1056
f 1066 769 770
f 1067 1066 770
f 1066 1065 768
f 769 1066 768
f 770 757 1056
f 1067 770 1056
f 1065 1066 1067
f 1056 1065 1067
f 1068 774 762
f 1060 1068 762
f 1068 1069 813
f 774 1068 813
f 762 1071 1070
f 1060 762 1070
f 774 813 1071
f 762 774 1071
f 816 1073 1072
f 1074 816 1072
f 1069 1073 816
f 813 1069 816
f 1071 1074 1072
f 1070 1071 1072
f 813 816 1074
f 1071 813 1074
f 1047 823 824
f 1075 1047 824
f 825 823 1047
f 1076 825 1047
f 1077 1075 824
f 826 1077 824
f 1076 1047 1075
f 1077 1076 1075
f 827 825 1076
f 1078 827 1076
f 1079 1077 826
f 828 1079 826
f 1078 1076 1077
f 1079 1078 1077
f 829 1052 1080
f 830 829 1080
f 829 827 1078
f 1052 829 1078
f 1080 1079 828
f 830 1080 828
f 1052 1078 1079
f 1080 1052 1079
f 1081 939 940
f 1082 1081 940
f 852 939 1081
f 1083 852 1081
f 1083 1081 1082
f 1084 1083 1082
f 1086 835 1085
f 1087 1086 1085
f 1086 1088 836
f 835 1086 836
f 1085 1090 1089
f 1087 1085 1089
f 835 836 1090
f 1085 835 1090
f 806 1091 1066
f 769 806 1066
f 1088 1091 806
f 836 1088 806
f 1090 769 1066
f 1089 1090 1066
f 836 806 769
f 1090 836 769
f 1092 817 816
f 1073 1092 816
f 1092 1093 847
f 817 1092 847
f 816 1095 1094
f 1073 816 1094
f 1093 1092 1073
f 1094 1093 1073
f 817 847 1095
f 816 817 1095
f 1098 1097 1096
f 1099 1098 1096
f 1095 1099 1096
f 1094 1095 1096
f 1097 1093 1094
f 1096 1097 1094
f 847 1098 1099
f 1095 847 1099
f 854 852 1083
f 1100 854 1083
f 852 854 1101
f 953 852 1101
f 1100 1083 1084
f 1102 1100 1084
f 866 854 1100
f 1103 866 1100
f 1104 1102 1101
f 1105 1104 1101
f 854 866 1105
f 1101 854 1105
f 1103 1100 1102
f 1104 1103 1102
f 868 866 1103
f 1106 868 1103
f 1107 1104 1105
f 1108 1107 1105
f 866 868 1108
f 1105 866 1108
f 1106 1103 1104
f 1107 1106 1104
f 1111 1110 1109
f 1112 1111 1109
f 1109 1114 1113
f 1112 1109 1113
f 1115 1111 1112
f 1113 1115 1112
f 1110 857 1114
f 1109 1110 1114
f 834 1116 1086
f 835 834 1086
f 1115 1116 834
f 857 1115 834
f 1114 835 1086
f 1113 1114 1086
f 1116 1115 1113
f 1086 1116 1113
f 857 834 835
f 1114 857 835
f 1117 848 847
f 1093 1117 847
f 1118 1117 1093
f 1097 1118 1093
f 848 1119 1098
f 847 848 1098
f 1122 1121 1120
f 1123 1122 1120
f 1118 1121 1122
f 1119 1118 1122
f 1098 1123 1120
f 1097 1098 1120
f 1121 1118 1097
f 1120 1121 1097
f 1119 1122 1123
f 1098 1119 1123
f 882 868 1106
f 1124 882 1106
f 1125 1107 1108
f 1126 1125 1108
f 868 882 1126
f 1108 868 1126
f 1124 1106 1107
f 1125 1124 1107
f 1129 1128 1127
f 1130 1129 1127
f 1129 1132 1131
f 1128 1129 1131
f 1127 1110 1111
f 1130 1127 1111
f 1132 1129 1130
f 1111 1132 1130
f 1128 1131 1110
f 1127 1128 1110
f 856 1133 1115
f 857 856 1115
f 1133 1132 1111
f 1115 1133 1111
f 1131 856 857
f 1110 1131 857
f 1134 864 846
f 1135 1134 846
f 846 848 1117
f 1135 846 1117
f 1136 1134 1135
f 1117 1136 1135
f 1138 1137 1118
f 1119 1138 1118
f 1136 1137 1138
f 863 1136 1138
f 1137 1136 1117
f 1118 1137 1117
f 863 1138 1119
f 848 863 1119
f 888 882 1124
f 1139 888 1124
f 1140 1125 1126
f 1141 1140 1126
f 882 888 1141
f 1126 882 1141
f 1139 1124 1125
f 1140 1139 1125
f 894 888 1139
f 1142 894 1139
f 1143 1140 1141
f 1144 1143 1141
f 888 894 1144
f 1141 888 1144
f 1142 1139 1140
f 1143 1142 1140
f 1146 1145 1131
f 1132 1146 1131
f 1146 1147 870
f 1145 1146 870
f 1147 1146 1132
f 1133 1147 1132
f 1145 870 856
f 1131 1145 856
f 869 1149 1148
f 858 869 1148
f 856 858 1148
f 1133 856 1148
f 1149 1147 1133
f 1148 1149 1133
f 871 1150 1136
f 863 871 1136
f 1151 872 864
f 1134 1151 864
f 1150 1151 1134
f 1136 1150 1134
f 901 894 1142
f 1152 901 1142
f 894 901 956
f 1144 894 956
f 1152 1142 1143
f 1153 1152 1143
f 957 1155 1154
f 958 957 1154
f 957 901 1152
f 1155 957 1152
f 1155 1152 1153
f 1154 1155 1153
f 873 1156 1149
f 869 873 1149
f 1157 874 870
f 1147 1157 870
f 1156 1157 1147
f 1149 1156 1147
f 875 1158 1150
f 871 875 1150
f 1159 876 872
f 1151 1159 872
f 1158 1159 1151
f 1150 1158 1151
f 1160 938 961
f 1161 1160 961
f 940 938 1160
f 1082 940 1160
f 1082 1160 1161
f 1162 1082 1161
f 940 953 1163
f 962 940 1163
f 1084 1082 1162
f 1164 1084 1162
f 1101 1102 1165
f 1166 1101 1165
f 1165 1164 1163
f 1166 1165 1163
f 953 1101 1166
f 1163 953 1166
f 1102 1084 1164
f 1165 1102 1164
f 1143 1144 1167
f 1168 1143 1167
f 1169 1168 1167
f 1170 1169 1167
f 1144 956 1170
f 1167 1144 1170
f 1153 1143 1168
f 1169 1153 1168
f 877 1171 1156
f 873 877 1156
f 1172 878 874
f 1157 1172 874
f 1171 1172 1157
f 1156 1171 1157
f 1173 880 876
f 1159 1173 876
f 1173 1174 879
f 880 1173 879
f 1174 1173 1159
f 1158 1174 1159
f 875 1176 1175
f 1158 875 1175
f 1177 1174 1158
f 1175 1177 1158
f 879 897 1176
f 875 879 1176
f 1177 1178 885
f 897 1177 885
f 1176 886 1179
f 1175 1176 1179
f 1178 1177 1175
f 1179 1178 1175
f 897 885 886
f 1176 897 886
f 1178 1180 884
f 885 1178 884
f 886 883 1181
f 1179 886 1181
f 1180 1182 898
f 884 1180 898
f 883 1184 1183
f 1181 883 1183
f 1182 1180 1181
f 1183 1182 1181
f 884 898 1184
f 883 884 1184
f 1184 878 1172
f 1183 1184 1172
f 1185 1182 1183
f 1172 1185 1183
f 898 890 878
f 1184 898 878
f 889 1186 1171
f 877 889 1171
f 1185 1186 889
f 890 1185 889
f 1186 1185 1172
f 1171 1186 1172
f 896 1187 1177
f 897 896 1177
f 1188 891 879
f 1174 1188 879
f 1188 1187 896
f 891 1188 896
f 1187 1188 1174
f 1177 1187 1174
f 891 896 897
f 879 891 897
f 904 1189 1185
f 890 904 1185
f 1190 899 898
f 1182 1190 898
f 1190 1189 904
f 899 1190 904
f 1189 1190 1182
f 1185 1189 1182
f 899 904 890
f 898 899 890
f 1191 915 916
f 1192 1191 916
f 1191 1193 917
f 915 1191 917
f 916 918 1194
f 1192 916 1194
f 1193 1195 919
f 917 1193 919
f 918 920 1196
f 1194 918 1196
f 1195 1197 921
f 919 1195 921
f 920 922 1198
f 1196 920 1198
f 1197 1199 923
f 921 1197 923
f 922 924 1200
f 1198 922 1200
f 1199 1201 925
f 923 1199 925
f 924 926 1202
f 1200 924 1202
f 1201 1203 927
f 925 1201 927
f 926 928 1204
f 1202 926 1204
f 930 1206 1205
f 929 930 1205
f 1203 1206 930
f 927 1203 930
f 928 929 1205
f 1204 928 1205
f 1207 933 934
f 1208 1207 934
f 1207 1209 935
f 933 1207 935
f 934 913 1210
f 1208 934 1210
f 1209 1207 1208
f 1210 1209 1208
f 1212 1211 1191
f 915 1212 1191
f 1209 1211 1212
f 935 1209 1212
f 913 915 1191
f 1210 913 1191
f 935 1212 915
f 913 935 915
f 956 958 971
f 1170 956 971
f 1154 1153 1169
f 1213 1154 1169
f 959 1215 1214
f 972 959 1214
f 959 958 1154
f 1215 959 1154
f 1215 1154 1213
f 1214 1215 1213
f 1216 942 930
f 1206 1216 930
f 1216 1217 944
f 942 1216 944
f 930 945 1218
f 1206 930 1218
f 946 1220 1219
f 947 946 1219
f 1217 1220 946
f 944 1217 946
f 945 947 1219
f 1218 945 1219
f 1220 1217 1218
f 1219 1220 1218
f 1221 951 952
f 1222 1221 952
f 952 931 1223
f 1222 952 1223
f 1224 1221 1222
f 1223 1224 1222
f 1226 1225 1207
f 933 1226 1207
f 1224 1225 1226
f 950 1224 1226
f 931 933 1207
f 1223 931 1207
f 1225 1224 1223
f 1207 1225 1223
f 950 1226 933
f 931 950 933
f 1161 961 975
f 1227 1161 975
f 961 962 1228
f 975 961 1228
f 1162 1161 1227
f 1229 1162 1227
f 1163 1164 1230
f 1231 1163 1230
f 1230 1229 1228
f 1231 1230 1228
f 962 1163 1231
f 1228 962 1231
f 1164 1162 1229
f 1230 1164 1229
f 1233 1232 946
f 1220 1233 946
f 1233 1234 966
f 1232 1233 966
f 946 949 1235
f 1220 946 1235
f 1234 1233 1220
f 1235 1234 1220
f 1232 966 949
f 946 1232 949
f 965 1237 1236
f 964 965 1236
f 949 964 1236
f 1235 949 1236
f 1237 1234 1235
f 1236 1237 1235
f 1239 1238 1224
f 950 1239 1224
f 1240 967 951
f 1221 1240 951
f 1238 1240 1221
f 1224 1238 1221
f 967 1239 950
f 951 967 950
f 1169 1170 1241
f 1242 1169 1241
f 1243 1242 1241
f 1244 1243 1241
f 1170 971 1244
f 1241 1170 1244
f 1213 1169 1242
f 1243 1213 1242
f 972 1214 1245
f 976 972 1245
f 971 972 976
f 1244 971 976
f 1214 1213 1243
f 1245 1214 1243
f 1227 975 980
f 1246 1227 980
f 1228 1229 1247
f 1248 1228 1247
f 975 1228 1248
f 980 975 1248
f 1229 1227 1246
f 1247 1229 1246
f 1243 1244 1249
f 1250 1243 1249
f 976 1245 1251
f 988 976 1251
f 1244 976 988
f 1249 1244 988
f 1245 1243 1250
f 1251 1245 1250
f 984 1252 1237
f 965 984 1237
f 1254 1253 966
f 1234 1254 966
f 1252 1254 1234
f 1237 1252 1234
f 1253 984 965
f 966 1253 965
f 1256 1255 1238
f 1239 1256 1238
f 1257 985 967
f 1240 1257 967
f 1255 1257 1240
f 1238 1255 1240
f 985 1256 1239
f 967 985 1239
f 1246 980 991
f 1258 1246 991
f 980 1248 1259
f 991 980 1259
f 1247 1246 1258
f 1260 1247 1258
f 1263 1262 1261
f 1264 1263 1261
f 1263 1248 1247
f 1262 1263 1247
f 1261 1260 1259
f 1264 1261 1259
f 1248 1263 1264
f 1259 1248 1264
f 1262 1247 1260
f 1261 1262 1260
f 999 1265 1252
f 984 999 1252
f 1267 1266 1253
f 1254 1267 1253
f 1265 1267 1254
f 1252 1265 1254
f 1266 999 984
f 1253 1266 984
f 1268 1001 986
f 1269 1268 986
f 986 985 1257
f 1269 986 1257
f 1270 1268 1269
f 1257 1270 1269
f 1272 1271 1255
f 1256 1272 1255
f 1271 1270 1257
f 1255 1271 1257
f 1000 1272 1256
f 985 1000 1256
f 1250 1249 1273
f 1274 1250 1273
f 988 1251 1275
f 994 988 1275
f 1249 988 994
f 1273 1249 994
f 1251 1250 1274
f 1275 1251 1274
f 1258 991 997
f 1276 1258 997
f 1259 1260 1277
f 1278 1259 1277
f 991 1259 1278
f 997 991 1278
f 1260 1258 1276
f 1277 1260 1276
f 1280 1279 1266
f 1267 1280 1266
f 1281 1280 1267
f 1265 1281 1267
f 1279 1007 999
f 1266 1279 999
f 1006 1283 1282
f 998 1006 1282
f 999 998 1282
f 1265 999 1282
f 1283 1281 1265
f 1282 1283 1265
f 1284 1009 1001
f 1268 1284 1001
f 1285 1284 1268
f 1270 1285 1268
f 1287 1286 1271
f 1272 1287 1271
f 1286 1285 1270
f 1271 1286 1270
f 1008 1287 1272
f 1000 1008 1272
f 1290 1289 1288
f 1291 1290 1288
f 1273 1289 1290
f 1274 1273 1290
f 1289 1273 1292
f 1288 1289 1292
f 1274 1290 1291
f 1293 1274 1291
f 994 1275 1294
f 1002 994 1294
f 1273 994 1002
f 1292 1273 1002
f 1275 1274 1293
f 1294 1275 1293
f 1296 1295 1279
f 1280 1296 1279
f 1297 1296 1280
f 1281 1297 1280
f 1295 1017 1007
f 1279 1295 1007
f 1016 1298 1283
f 1006 1016 1283
f 1298 1297 1281
f 1283 1298 1281
f 1299 1019 1009
f 1284 1299 1009
f 1299 1300 1018
f 1019 1299 1018
f 1300 1299 1284
f 1285 1300 1284
f 1302 1301 1286
f 1287 1302 1286
f 1301 1300 1285
f 1286 1301 1285
f 1018 1302 1287
f 1008 1018 1287
f 1276 997 1005
f 1303 1276 1005
f 1304 1303 1005
f 1014 1304 1005
f 997 1278 1014
f 1005 997 1014
f 1277 1276 1303
f 1304 1277 1303
f 1307 1306 1305
f 1308 1307 1305
f 1307 1278 1277
f 1306 1307 1277
f 1278 1307 1308
f 1014 1278 1308
f 1306 1277 1304
f 1305 1306 1304
f 1309 1040 1295
f 1296 1309 1295
f 1309 1310 1027
f 1040 1309 1027
f 1310 1309 1296
f 1297 1310 1296
f 1040 1027 1017
f 1295 1040 1017
f 1026 1311 1298
f 1016 1026 1298
f 1310 1311 1026
f 1027 1310 1026
f 1311 1310 1297
f 1298 1311 1297
f 1045 1312 1301
f 1302 1045 1301
f 1313 1028 1018
f 1300 1313 1018
f 1313 1312 1045
f 1028 1313 1045
f 1312 1313 1300
f 1301 1312 1300
f 1028 1045 1302
f 1018 1028 1302
f 1291 1288 1314
f 1315 1291 1314
f 1288 1292 1021
f 1314 1288 1021
f 1293 1291 1315
f 1316 1293 1315
f 1039 1317 1309
f 1040 1039 1309
f 1320 1319 1318
f 1321 1320 1318
f 1318 1040 1309
f 1321 1318 1309
f 1319 1039 1040
f 1318 1319 1040
f 1059 1323 1322
f 1324 1059 1322
f 1325 1046 1045
f 1312 1325 1045
f 1325 1323 1059
f 1046 1325 1059
f 1045 1324 1322
f 1312 1045 1322
f 1046 1059 1324
f 1045 1046 1324
f 1002 1294 1326
f 1010 1002 1326
f 1326 1316 1021
f 1010 1326 1021
f 1292 1002 1010
f 1021 1292 1010
f 1294 1293 1316
f 1326 1294 1316
f 1056 1327 1317
f 1039 1056 1317
f 1328 1067 1319
f 1320 1328 1319
f 1328 1327 1056
f 1067 1328 1056
f 1067 1056 1039
f 1319 1067 1039
f 1070 1330 1329
f 1331 1070 1329
f 1332 1060 1059
f 1323 1332 1059
f 1059 1331 1329
f 1323 1059 1329
f 1060 1070 1331
f 1059 1060 1331
f 1304 1014 1013
f 1333 1304 1013
f 1014 1308 1334
f 1013 1014 1334
f 1305 1304 1333
f 1335 1305 1333
f 1338 1337 1336
f 1339 1338 1336
f 1338 1308 1305
f 1337 1338 1305
f 1308 1338 1339
f 1334 1308 1339
f 1337 1305 1335
f 1336 1337 1335
f 1066 1340 1328
f 1067 1066 1328
f 1342 1089 1341
f 1343 1342 1341
f 1341 1067 1328
f 1343 1341 1328
f 1089 1066 1067
f 1341 1089 1067
f 1344 1068 1060
f 1332 1344 1060
f 1344 1345 1069
f 1068 1344 1069
f 1345 1344 1332
f 1330 1345 1332
f 1345 1346 1073
f 1069 1345 1073
f 1070 1072 1347
f 1330 1070 1347
f 1346 1348 1094
f 1073 1346 1094
f 1072 1350 1349
f 1347 1072 1349
f 1073 1094 1350
f 1072 1073 1350
f 1096 1352 1351
f 1353 1096 1351
f 1348 1352 1096
f 1094 1348 1096
f 1350 1353 1351
f 1349 1350 1351
f 1094 1096 1353
f 1350 1094 1353
f 1356 1355 1354
f 1357 1356 1354
f 1314 1355 1356
f 1315 1314 1356
f 1355 1314 1358
f 1354 1355 1358
f 1315 1356 1357
f 1359 1315 1357
f 1021 1316 1360
f 1022 1021 1360
f 1314 1021 1022
f 1358 1314 1022
f 1316 1315 1359
f 1360 1316 1359
f 1333 1013 1025
f 1361 1333 1025
f 1362 1361 1025
f 1033 1362 1025
f 1013 1334 1033
f 1025 1013 1033
f 1335 1333 1361
f 1362 1335 1361
f 1364 1112 1363
f 1365 1364 1363
f 1364 1366 1113
f 1112 1364 1113
f 1363 1368 1367
f 1365 1363 1367
f 1112 1113 1368
f 1363 1112 1368
f 1366 1369 1086
f 1113 1366 1086
f 1368 1087 1370
f 1367 1368 1370
f 1113 1086 1087
f 1368 1113 1087
f 1369 1371 1088
f 1086 1369 1088
f 1087 1089 1342
f 1370 1087 1342
f 1091 1372 1340
f 1066 1091 1340
f 1371 1372 1091
f 1088 1371 1091
f 1372 1371 1342
f 1340 1372 1342
f 1373 1097 1096
f 1352 1373 1096
f 1373 1374 1120
f 1097 1373 1120
f 1096 1376 1375
f 1352 1096 1375
f 1374 1373 1352
f 1375 1374 1352
f 1097 1120 1376
f 1096 1097 1376
f 1376 1378 1377
f 1375 1376 1377
f 1379 1374 1375
f 1377 1379 1375
f 1120 1130 1378
f 1376 1120 1378
f 1111 1380 1364
f 1112 1111 1364
f 1379 1380 1111
f 1130 1379 1111
f 1378 1112 1364
f 1377 1378 1364
f 1380 1379 1377
f 1364 1380 1377
f 1130 1111 1112
f 1378 1130 1112
f 1129 1381 1379
f 1130 1129 1379
f 1382 1121 1120
f 1374 1382 1120
f 1382 1381 1129
f 1121 1382 1129
f 1381 1382 1374
f 1379 1381 1374
f 1121 1129 1130
f 1120 1121 1130
f 1384 1383 1382
f 1121 1384 1382
f 1385 1137 1118
f 1386 1385 1118
f 1385 1383 1384
f 1137 1385 1384
f 1118 1121 1382
f 1386 1118 1382
f 1383 1385 1386
f 1382 1383 1386
f 1137 1384 1121
f 1118 1137 1121
f 1387 1362 1033
f 1036 1387 1033
f 1334 1339 1036
f 1033 1334 1036
f 1336 1335 1362
f 1387 1336 1362
f 1146 1389 1388
f 1132 1146 1388
f 1391 1390 1129
f 1381 1391 1129
f 1391 1389 1146
f 1390 1391 1146
f 1129 1132 1388
f 1381 1129 1388
f 1389 1391 1381
f 1388 1389 1381
f 1390 1146 1132
f 1129 1390 1132
f 1393 1392 1385
f 1137 1393 1385
f 1394 1150 1136
f 1395 1394 1136
f 1136 1137 1385
f 1395 1136 1385
f 1392 1394 1395
f 1385 1392 1395
f 1150 1393 1137
f 1136 1150 1137
f 1396 1339 1336
f 1397 1396 1336
f 1339 1396 1048
f 1036 1339 1048
f 1397 1336 1387
f 1398 1397 1387
f 1399 1396 1397
f 1400 1399 1397
f 1396 1399 1401
f 1048 1396 1401
f 1400 1397 1398
f 1402 1400 1398
f 1403 1399 1400
f 1404 1403 1400
f 1399 1403 1405
f 1401 1399 1405
f 1404 1400 1402
f 1406 1404 1402
f 1157 1408 1407
f 1147 1157 1407
f 1410 1409 1146
f 1389 1410 1146
f 1146 1147 1407
f 1389 1146 1407
f 1408 1410 1389
f 1407 1408 1389
f 1409 1157 1147
f 1146 1409 1147
f 1411 1158 1150
f 1394 1411 1150
f 1411 1412 1175
f 1158 1411 1175
f 1412 1411 1394
f 1392 1412 1394
f 1158 1175 1393
f 1150 1158 1393
f 1179 1414 1413
f 1415 1179 1413
f 1412 1414 1179
f 1175 1412 1179
f 1393 1415 1413
f 1392 1393 1413
f 1175 1179 1415
f 1393 1175 1415
f 1416 1403 1404
f 1417 1416 1404
f 1403 1416 1051
f 1405 1403 1051
f 1417 1404 1406
f 1418 1417 1406
f 1420 1181 1419
f 1421 1420 1419
f 1420 1422 1183
f 1181 1420 1183
f 1419 1409 1410
f 1421 1419 1410
f 1181 1183 1409
f 1419 1181 1409
f 1172 1423 1408
f 1157 1172 1408
f 1422 1423 1172
f 1183 1422 1172
f 1423 1422 1410
f 1408 1423 1410
f 1183 1172 1157
f 1409 1183 1157
f 1180 1424 1420
f 1181 1180 1420
f 1425 1178 1179
f 1414 1425 1179
f 1425 1424 1180
f 1178 1425 1180
f 1179 1181 1420
f 1414 1179 1420
f 1426 1191 1192
f 1427 1426 1192
f 1426 1428 1193
f 1191 1426 1193
f 1192 1194 1429
f 1427 1192 1429
f 1428 1426 1427
f 1429 1428 1427
f 1428 1430 1195
f 1193 1428 1195
f 1194 1196 1431
f 1429 1194 1431
f 1430 1428 1429
f 1431 1430 1429
f 1430 1432 1197
f 1195 1430 1197
f 1196 1198 1433
f 1431 1196 1433
f 1432 1430 1431
f 1433 1432 1431
f 1432 1434 1199
f 1197 1432 1199
f 1198 1200 1435
f 1433 1198 1435
f 1434 1436 1201
f 1199 1434 1201
f 1200 1202 1437
f 1435 1200 1437
f 1436 1438 1203
f 1201 1436 1203
f 1202 1204 1439
f 1437 1202 1439
f 1438 1436 1437
f 1439 1438 1437
f 1206 1441 1440
f 1205 1206 1440
f 1438 1441 1206
f 1203 1438 1206
f 1204 1205 1440
f 1439 1204 1440
f 1441 1438 1439
f 1440 1441 1439
f 1211 1442 1426
f 1191 1211 1426
f 1443 1209 1210
f 1444 1443 1210
f 1443 1442 1211
f 1209 1443 1211
f 1210 1191 1426
f 1444 1210 1426
f 1442 1443 1444
f 1426 1442 1444
f 1354 1416 1417
f 1357 1354 1417
f 1416 1354 1054
f 1051 1416 1054
f 1357 1417 1418
f 1445 1357 1418
f 1446 1445 1054
f 1062 1446 1054
f 1354 1358 1062
f 1054 1354 1062
f 1359 1357 1445
f 1446 1359 1445
f 1022 1360 1447
f 1030 1022 1447
f 1447 1446 1062
f 1030 1447 1062
f 1358 1022 1030
f 1062 1358 1030
f 1360 1359 1446
f 1447 1360 1446
f 1387 1036 1037
f 1448 1387 1037
f 1449 1448 1037
f 1047 1449 1037
f 1398 1387 1448
f 1449 1398 1448
f 1217 1451 1450
f 1218 1217 1450
f 1452 1216 1206
f 1441 1452 1206
f 1452 1451 1217
f 1216 1452 1217
f 1206 1218 1450
f 1441 1206 1450
f 1451 1452 1441
f 1450 1451 1441
f 1454 1453 1443
f 1209 1454 1443
f 1455 1225 1207
f 1456 1455 1207
f 1455 1453 1454
f 1225 1455 1454
f 1207 1209 1443
f 1456 1207 1443
f 1453 1455 1456
f 1443 1453 1456
f 1225 1454 1209
f 1207 1225 1209
f 1457 1449 1047
f 1076 1457 1047
f 1048 1401 1076
f 1047 1048 1076
f 1402 1398 1449
f 1457 1402 1449
f 1458 1457 1076
f 1078 1458 1076
f 1401 1405 1078
f 1076 1401 1078
f 1406 1402 1457
f 1458 1406 1457
f 1233 1460 1459
f 1220 1233 1459
f 1462 1461 1217
f 1451 1462 1217
f 1462 1460 1233
f 1461 1462 1233
f 1217 1220 1459
f 1451 1217 1459
f 1460 1462 1451
f 1459 1460 1451
f 1461 1233 1220
f 1217 1461 1220
f 1464 1463 1455
f 1225 1464 1455
f 1465 1238 1224
f 1466 1465 1224
f 1224 1225 1455
f 1466 1224 1455
f 1463 1465 1466
f 1455 1463 1466
f 1238 1464 1225
f 1224 1238 1225
f 1467 1458 1078
f 1052 1467 1078
f 1405 1051 1052
f 1078 1405 1052
f 1418 1406 1458
f 1467 1418 1458
f 1054 1445 1468
f 1055 1054 1468
f 1468 1467 1052
f 1055 1468 1052
f 1445 1418 1467
f 1468 1445 1467
f 1254 1470 1469
f 1234 1254 1469
f 1472 1471 1233
f 1460 1472 1233
f 1233 1234 1469
f 1460 1233 1469
f 1470 1472 1460
f 1469 1470 1460
f 1471 1254 1234
f 1233 1471 1234
f 1474 1473 1463
f 1464 1474 1463
f 1475 1255 1238
f 1465 1475 1238
f 1473 1475 1465
f 1463 1473 1465
f 1255 1474 1464
f 1238 1255 1464
f 1476 1102 1165
f 1477 1476 1165
f 1104 1102 1476
f 1478 1104 1476
f 1102 1104 1479
f 1165 1102 1479
f 1478 1476 1477
f 1480 1478 1477
f 1107 1104 1478
f 1481 1107 1478
f 1104 1107 1482
f 1479 1104 1482
f 1481 1478 1480
f 1483 1481 1480
f 1267 1484 1470
f 1254 1267 1470
f 1486 1485 1471
f 1472 1486 1471
f 1484 1486 1472
f 1470 1484 1472
f 1485 1267 1254
f 1471 1485 1254
f 1488 1487 1473
f 1474 1488 1473
f 1489 1271 1255
f 1475 1489 1255
f 1271 1488 1474
f 1255 1271 1474
f 1280 1490 1484
f 1267 1280 1484
f 1492 1491 1485
f 1486 1492 1485
f 1491 1280 1267
f 1485 1491 1267
f 1494 1493 1487
f 1488 1494 1487
f 1495 1286 1271
f 1489 1495 1271
f 1286 1494 1488
f 1271 1286 1488
f 1296 1496 1490
f 1280 1296 1490
f 1498 1497 1491
f 1492 1498 1491
f 1497 1296 1280
f 1491 1497 1280
f 1500 1499 1493
f 1494 1500 1493
f 1501 1301 1286
f 1495 1501 1286
f 1301 1500 1494
f 1286 1301 1494
f 1309 1502 1496
f 1296 1309 1496
f 1503 1321 1497
f 1498 1503 1497
f 1321 1309 1296
f 1497 1321 1296
f 1322 1504 1499
f 1500 1322 1499
f 1505 1312 1301
f 1501 1505 1301
f 1312 1322 1500
f 1301 1312 1500
f 1125 1107 1481
f 1506 1125 1481
f 1107 1125 1507
f 1482 1107 1507
f 1506 1481 1483
f 1508 1506 1483
f 1317 1509 1502
f 1309 1317 1502
f 1510 1320 1321
f 1503 1510 1321
f 1509 1510 1503
f 1502 1509 1503
f 1323 1511 1504
f 1322 1323 1504
f 1512 1325 1312
f 1505 1512 1312
f 1512 1511 1323
f 1325 1512 1323
f 1511 1512 1505
f 1504 1511 1505
f 1140 1125 1506
f 1513 1140 1506
f 1125 1140 1514
f 1507 1125 1514
f 1513 1506 1508
f 1515 1513 1508
f 1143 1517 1516
f 1168 1143 1516
f 1143 1140 1513
f 1517 1143 1513
f 1140 1143 1168
f 1514 1140 1168
f 1517 1513 1515
f 1516 1517 1515
f 1327 1518 1509
f 1317 1327 1509
f 1519 1328 1320
f 1510 1519 1320
f 1519 1518 1327
f 1328 1519 1327
f 1518 1519 1510
f 1509 1518 1510
f 1330 1521 1520
f 1329 1330 1520
f 1522 1332 1323
f 1511 1522 1323
f 1522 1521 1330
f 1332 1522 1330
f 1323 1329 1520
f 1511 1323 1520
f 1521 1522 1511
f 1520 1521 1511
f 1523 1164 1230
f 1524 1523 1230
f 1165 1164 1523
f 1477 1165 1523
f 1164 1165 1525
f 1230 1164 1525
f 1477 1523 1524
f 1526 1477 1524
f 1165 1479 1527
f 1525 1165 1527
f 1480 1477 1526
f 1528 1480 1526
f 1340 1529 1519
f 1328 1340 1519
f 1530 1342 1343
f 1531 1530 1343
f 1530 1529 1340
f 1342 1530 1340
f 1343 1328 1519
f 1531 1343 1519
f 1529 1530 1531
f 1519 1529 1531
f 1532 1345 1330
f 1521 1532 1330
f 1532 1533 1346
f 1345 1532 1346
f 1330 1347 1534
f 1521 1330 1534
f 1533 1532 1521
f 1534 1533 1521
f 1533 1535 1348
f 1346 1533 1348
f 1347 1349 1536
f 1534 1347 1536
f 1535 1537 1352
f 1348 1535 1352
f 1349 1351 1538
f 1536 1349 1538
f 1537 1539 1375
f 1352 1537 1375
f 1351 1541 1540
f 1538 1351 1540
f 1352 1375 1541
f 1351 1352 1541
f 1539 1542 1377
f 1375 1539 1377
f 1541 1544 1543
f 1540 1541 1543
f 1375 1377 1544
f 1541 1375 1544
f 1542 1545 1364
f 1377 1542 1364
f 1544 1365 1546
f 1543 1544 1546
f 1377 1364 1365
f 1544 1377 1365
f 1545 1547 1366
f 1364 1545 1366
f 1365 1367 1548
f 1546 1365 1548
f 1547 1549 1369
f 1366 1547 1369
f 1367 1370 1550
f 1548 1367 1550
f 1371 1551 1530
f 1342 1371 1530
f 1549 1551 1371
f 1369 1549 1371
f 1370 1342 1530
f 1550 1370 1530
f 1551 1549 1550
f 1530 1551 1550
f 1391 1553 1552
f 1381 1391 1552
f 1554 1383 1382
f 1555 1554 1382
f 1554 1553 1391
f 1383 1554 1391
f 1382 1381 1552
f 1555 1382 1552
f 1383 1391 1381
f 1382 1383 1381
f 1413 1556 1554
f 1383 1413 1554
f 1557 1392 1385
f 1558 1557 1385
f 1385 1383 1554
f 1558 1385 1554
f 1392 1413 1383
f 1385 1392 1383
f 1479 1482 1559
f 1527 1479 1559
f 1483 1480 1528
f 1560 1483 1528
f 1410 1562 1561
f 1389 1410 1561
f 1563 1421 1391
f 1553 1563 1391
f 1391 1389 1561
f 1553 1391 1561
f 1421 1410 1389
f 1391 1421 1389
f 1414 1564 1556
f 1413 1414 1556
f 1565 1412 1392
f 1557 1565 1392
f 1565 1564 1414
f 1412 1565 1414
f 1482 1507 1566
f 1559 1482 1566
f 1508 1483 1560
f 1567 1508 1560
f 1422 1568 1562
f 1410 1422 1562
f 1569 1420 1421
f 1563 1569 1421
f 1569 1568 1422
f 1420 1569 1422
f 1424 1570 1569
f 1420 1424 1569
f 1571 1425 1414
f 1564 1571 1414
f 1571 1570 1424
f 1425 1571 1424
f 1414 1420 1569
f 1564 1414 1569
f 1570 1571 1564
f 1569 1570 1564
f 1572 1432 1433
f 1573 1572 1433
f 1572 1574 1434
f 1432 1572 1434
f 1433 1435 1575
f 1573 1433 1575
f 1574 1572 1573
f 1575 1574 1573
f 1436 1577 1576
f 1437 1436 1576
f 1574 1577 1436
f 1434 1574 1436
f 1435 1437 1576
f 1575 1435 1576
f 1577 1574 1575
f 1576 1577 1575
f 1578 1442 1426
f 1579 1578 1426
f 1578 1581 1580
f 1442 1578 1580
f 1426 1428 1582
f 1579 1426 1582
f 1581 1578 1579
f 1582 1581 1579
f 1442 1580 1428
f 1426 1442 1428
f 1581 1584 1583
f 1580 1581 1583
f 1428 1430 1585
f 1582 1428 1585
f 1584 1581 1582
f 1585 1584 1582
f 1580 1583 1430
f 1428 1580 1430
f 1587 1586 1572
f 1432 1587 1572
f 1584 1586 1587
f 1583 1584 1587
f 1430 1432 1572
f 1585 1430 1572
f 1583 1587 1432
f 1430 1583 1432
f 1507 1514 1588
f 1566 1507 1588
f 1515 1508 1567
f 1589 1515 1567
f 1514 1168 1590
f 1588 1514 1590
f 1516 1515 1589
f 1591 1516 1589
f 1593 1592 1436
f 1577 1593 1436
f 1593 1595 1594
f 1592 1593 1594
f 1436 1438 1596
f 1577 1436 1596
f 1592 1594 1438
f 1436 1592 1438
f 1452 1598 1597
f 1441 1452 1597
f 1595 1598 1452
f 1594 1595 1452
f 1438 1441 1597
f 1596 1438 1597
f 1598 1595 1596
f 1597 1598 1596
f 1594 1452 1441
f 1438 1594 1441
f 1600 1599 1578
f 1442 1600 1578
f 1601 1453 1443
f 1602 1601 1443
f 1601 1599 1600
f 1453 1601 1600
f 1443 1442 1578
f 1602 1443 1578
f 1599 1601 1602
f 1578 1599 1602
f 1453 1600 1442
f 1443 1453 1442
f 1169 1604 1603
f 1242 1169 1603
f 1169 1168 1516
f 1604 1169 1516
f 1168 1169 1242
f 1590 1168 1242
f 1604 1516 1591
f 1603 1604 1591
f 1605 1229 1247
f 1606 1605 1247
f 1230 1229 1605
f 1524 1230 1605
f 1607 1606 1247
f 1262 1607 1247
f 1229 1230 1262
f 1247 1229 1262
f 1524 1605 1606
f 1607 1524 1606
f 1230 1525 1608
f 1262 1230 1608
f 1526 1524 1607
f 1609 1526 1607
f 1462 1611 1610
f 1451 1462 1610
f 1613 1612 1452
f 1598 1613 1452
f 1613 1611 1462
f 1612 1613 1462
f 1452 1451 1610
f 1598 1452 1610
f 1611 1613 1598
f 1610 1611 1598
f 1612 1462 1451
f 1452 1612 1451
f 1615 1614 1601
f 1453 1615 1601
f 1616 1463 1455
f 1617 1616 1455
f 1455 1453 1601
f 1617 1455 1601
f 1614 1616 1617
f 1601 1614 1617
f 1463 1615 1453
f 1455 1463 1453
f 1525 1527 1618
f 1608 1525 1618
f 1528 1526 1609
f 1619 1528 1609
f 1527 1559 1620
f 1618 1527 1620
f 1560 1528 1619
f 1621 1560 1619
f 1472 1623 1622
f 1460 1472 1622
f 1625 1624 1462
f 1611 1625 1462
f 1462 1460 1622
f 1611 1462 1622
f 1623 1625 1611
f 1622 1623 1611
f 1624 1472 1460
f 1462 1624 1460
f 1627 1626 1614
f 1615 1627 1614
f 1628 1473 1463
f 1616 1628 1463
f 1628 1626 1627
f 1473 1628 1627
f 1473 1627 1615
f 1463 1473 1615
f 1486 1629 1623
f 1472 1486 1623
f 1631 1630 1624
f 1625 1631 1624
f 1631 1629 1486
f 1630 1631 1486
f 1630 1486 1472
f 1624 1630 1472
f 1487 1632 1628
f 1473 1487 1628
f 1633 1489 1475
f 1634 1633 1475
f 1475 1473 1628
f 1634 1475 1628
f 1632 1633 1634
f 1628 1632 1634
f 1559 1566 1635
f 1620 1559 1635
f 1567 1560 1621
f 1636 1567 1621
f 1566 1588 1637
f 1635 1566 1637
f 1589 1567 1636
f 1638 1589 1636
f 1490 1640 1639
f 1484 1490 1639
f 1641 1492 1486
f 1629 1641 1486
f 1486 1484 1639
f 1629 1486 1639
f 1640 1641 1629
f 1639 1640 1629
f 1493 1642 1632
f 1487 1493 1632
f 1643 1495 1489
f 1633 1643 1489
f 1642 1643 1633
f 1632 1642 1633
f 1588 1590 1644
f 1637 1588 1644
f 1591 1589 1638
f 1645 1591 1638
f 1590 1242 1646
f 1644 1590 1646
f 1603 1591 1645
f 1647 1603 1645
f 1496 1648 1640
f 1490 1496 1640
f 1649 1498 1492
f 1641 1649 1492
f 1648 1649 1641
f 1640 1648 1641
f 1499 1650 1642
f 1493 1499 1642
f 1651 1501 1495
f 1643 1651 1495
f 1650 1651 1643
f 1642 1650 1643
f 1243 1653 1652
f 1250 1243 1652
f 1243 1242 1603
f 1653 1243 1603
f 1242 1243 1250
f 1646 1242 1250
f 1653 1603 1647
f 1652 1653 1647
f 1607 1262 1261
f 1654 1607 1261
f 1262 1608 1655
f 1261 1262 1655
f 1609 1607 1654
f 1656 1609 1654
f 1502 1657 1648
f 1496 1502 1648
f 1658 1503 1498
f 1649 1658 1498
f 1658 1657 1502
f 1503 1658 1502
f 1657 1658 1649
f 1648 1657 1649
f 1504 1659 1650
f 1499 1504 1650
f 1660 1505 1501
f 1651 1660 1501
f 1660 1659 1504
f 1505 1660 1504
f 1659 1660 1651
f 1650 1659 1651
f 1608 1618 1661
f 1655 1608 1661
f 1619 1609 1656
f 1662 1619 1656
f 1510 1663 1658
f 1503 1510 1658
f 1666 1665 1664
f 1667 1666 1664
f 1664 1503 1658
f 1667 1664 1658
f 1665 1510 1503
f 1664 1665 1503
f 1520 1669 1668
f 1670 1520 1668
f 1671 1511 1504
f 1659 1671 1504
f 1671 1669 1520
f 1511 1671 1520
f 1504 1670 1668
f 1659 1504 1668
f 1511 1520 1670
f 1504 1511 1670
f 1618 1620 1672
f 1661 1618 1672
f 1621 1619 1662
f 1673 1621 1662
f 1620 1635 1674
f 1672 1620 1674
f 1636 1621 1673
f 1675 1636 1673
f 1519 1676 1663
f 1510 1519 1663
f 1677 1531 1665
f 1666 1677 1665
f 1677 1676 1519
f 1531 1677 1519
f 1531 1519 1510
f 1665 1531 1510
f 1534 1679 1678
f 1680 1534 1678
f 1681 1521 1520
f 1669 1681 1520
f 1681 1679 1534
f 1521 1681 1534
f 1520 1680 1678
f 1669 1520 1678
f 1679 1681 1669
f 1678 1679 1669
f 1521 1534 1680
f 1520 1521 1680
f 1635 1637 1682
f 1674 1635 1682
f 1638 1636 1675
f 1683 1638 1675
f 1637 1644 1684
f 1682 1637 1684
f 1645 1638 1683
f 1685 1645 1683
f 1644 1646 1290
f 1684 1644 1290
f 1647 1645 1685
f 1686 1647 1685
f 1250 1652 1687
f 1274 1250 1687
f 1687 1686 1290
f 1274 1687 1290
f 1646 1250 1274
f 1290 1646 1274
f 1652 1647 1686
f 1687 1652 1686
f 1688 1260 1277
f 1689 1688 1277
f 1261 1260 1688
f 1654 1261 1688
f 1690 1689 1277
f 1306 1690 1277
f 1260 1261 1306
f 1277 1260 1306
f 1654 1688 1689
f 1690 1654 1689
f 1261 1655 1691
f 1306 1261 1691
f 1656 1654 1690
f 1692 1656 1690
f 1655 1661 1693
f 1691 1655 1693
f 1662 1656 1692
f 1694 1662 1692
f 1530 1695 1677
f 1531 1530 1677
f 1697 1550 1696
f 1698 1697 1696
f 1697 1695 1530
f 1550 1697 1530
f 1696 1531 1677
f 1698 1696 1677
f 1695 1697 1698
f 1677 1695 1698
f 1550 1530 1531
f 1696 1550 1531
f 1699 1533 1534
f 1679 1699 1534
f 1699 1700 1535
f 1533 1699 1535
f 1534 1536 1701
f 1679 1534 1701
f 1700 1699 1679
f 1701 1700 1679
f 1700 1702 1537
f 1535 1700 1537
f 1536 1538 1703
f 1701 1536 1703
f 1702 1700 1701
f 1703 1702 1701
f 1702 1704 1539
f 1537 1702 1539
f 1538 1540 1705
f 1703 1538 1705
f 1704 1702 1703
f 1705 1704 1703
f 1704 1706 1542
f 1539 1704 1542
f 1540 1543 1707
f 1705 1540 1707
f 1706 1704 1705
f 1707 1706 1705
f 1706 1708 1545
f 1542 1706 1545
f 1543 1546 1709
f 1707 1543 1709
f 1708 1706 1707
f 1709 1708 1707
f 1708 1710 1547
f 1545 1708 1547
f 1546 1548 1711
f 1709 1546 1711
f 1710 1708 1709
f 1711 1710 1709
f 1549 1712 1697
f 1550 1549 1697
f 1710 1712 1549
f 1547 1710 1549
f 1548 1550 1697
f 1711 1548 1697
f 1712 1710 1711
f 1697 1712 1711
f 1553 1714 1713
f 1552 1553 1713
f 1715 1554 1555
f 1716 1715 1555
f 1555 1552 1713
f 1716 1555 1713
f 1714 1715 1716
f 1713 1714 1716
f 1717 1557 1558
f 1718 1717 1558
f 1558 1554 1715
f 1718 1558 1715
f 1719 1717 1718
f 1715 1719 1718
f 1720 1719 1715
f 1714 1720 1715
f 1556 1563 1553
f 1554 1556 1553
f 1562 1722 1721
f 1561 1562 1721
f 1553 1561 1721
f 1714 1553 1721
f 1722 1720 1714
f 1721 1722 1714
f 1723 1565 1557
f 1717 1723 1557
f 1723 1724 1564
f 1565 1723 1564
f 1724 1723 1717
f 1719 1724 1717
f 1724 1725 1569
f 1564 1724 1569
f 1725 1724 1719
f 1720 1725 1719
f 1564 1569 1563
f 1556 1564 1563
f 1568 1726 1722
f 1562 1568 1722
f 1725 1726 1568
f 1569 1725 1568
f 1726 1725 1720
f 1722 1726 1720
f 1727 1584 1585
f 1728 1727 1585
f 1585 1572 1729
f 1728 1585 1729
f 1730 1727 1728
f 1729 1730 1728
f 1572 1574 1731
f 1729 1572 1731
f 1732 1730 1729
f 1731 1732 1729
f 1586 1733 1574
f 1572 1586 1574
f 1574 1577 1734
f 1731 1574 1734
f 1735 1732 1731
f 1734 1735 1731
f 1733 1593 1577
f 1574 1733 1577
f 1595 1737 1736
f 1596 1595 1736
f 1577 1596 1736
f 1734 1577 1736
f 1737 1735 1734
f 1736 1737 1734
f 1738 1599 1578
f 1739 1738 1578
f 1578 1581 1740
f 1739 1578 1740
f 1741 1738 1739
f 1740 1741 1739
f 1599 1742 1581
f 1578 1599 1581
f 1581 1584 1727
f 1740 1581 1727
f 1743 1741 1740
f 1727 1743 1740
f 1742 1744 1584
f 1581 1742 1584
f 1743 1746 1745
f 1744 1743 1745
f 1746 1743 1727
f 1730 1746 1727
f 1744 1745 1586
f 1584 1744 1586
f 1746 1748 1747
f 1745 1746 1747
f 1748 1746 1730
f 1732 1748 1730
f 1745 1747 1733
f 1586 1745 1733
f 1748 1750 1749
f 1747 1748 1749
f 1750 1748 1732
f 1735 1750 1732
f 1747 1749 1593
f 1733 1747 1593
f 1751 1750 1735
f 1737 1751 1735
f 1749 1752 1595
f 1593 1749 1595
f 1613 1754 1753
f 1598 1613 1753
f 1595 1598 1753
f 1737 1595 1753
f 1754 1751 1737
f 1753 1754 1737
f 1752 1613 1598
f 1595 1752 1598
f 1755 1614 1601
f 1756 1755 1601
f 1601 1599 1738
f 1756 1601 1738
f 1757 1755 1756
f 1738 1757 1756
f 1614 1758 1599
f 1601 1614 1599
f 1757 1760 1759
f 1758 1757 1759
f 1760 1757 1738
f 1741 1760 1738
f 1758 1759 1742
f 1599 1758 1742
f 1762 1761 1743
f 1744 1762 1743
f 1760 1761 1762
f 1759 1760 1762
f 1761 1760 1741
f 1743 1761 1741
f 1759 1762 1744
f 1742 1759 1744
f 1661 1672 1763
f 1693 1661 1763
f 1673 1662 1694
f 1764 1673 1694
f 1672 1674 1765
f 1763 1672 1765
f 1675 1673 1764
f 1766 1675 1764
f 1674 1682 1767
f 1765 1674 1767
f 1683 1675 1766
f 1768 1683 1766
f 1770 1769 1749
f 1750 1770 1749
f 1770 1772 1771
f 1769 1770 1771
f 1772 1770 1750
f 1751 1772 1750
f 1769 1771 1752
f 1749 1769 1752
f 1772 1774 1773
f 1771 1772 1773
f 1774 1772 1751
f 1754 1774 1751
f 1771 1773 1613
f 1752 1771 1613
f 1625 1776 1775
f 1611 1625 1775
f 1613 1611 1775
f 1754 1613 1775
f 1776 1774 1754
f 1775 1776 1754
f 1773 1625 1611
f 1613 1773 1611
f 1777 1628 1616
f 1778 1777 1616
f 1616 1614 1755
f 1778 1616 1755
f 1779 1777 1778
f 1755 1779 1778
f 1781 1780 1757
f 1758 1781 1757
f 1780 1779 1755
f 1757 1780 1755
f 1626 1781 1758
f 1614 1626 1758
f 1682 1684 1782
f 1767 1682 1782
f 1685 1683 1768
f 1783 1685 1768
f 1290 1686 1784
f 1291 1290 1784
f 1684 1290 1291
f 1782 1684 1291
f 1686 1685 1783
f 1784 1686 1783
f 1786 1785 1773
f 1774 1786 1773
f 1787 1786 1774
f 1776 1787 1774
f 1785 1631 1625
f 1773 1785 1625
f 1629 1789 1788
f 1623 1629 1788
f 1625 1623 1788
f 1776 1625 1788
f 1789 1787 1776
f 1788 1789 1776
f 1790 1632 1628
f 1777 1790 1628
f 1791 1790 1777
f 1779 1791 1777
f 1632 1792 1626
f 1628 1632 1626
f 1794 1793 1780
f 1781 1794 1780
f 1793 1791 1779
f 1780 1793 1779
f 1792 1794 1781
f 1626 1792 1781
f 1690 1306 1305
f 1795 1690 1305
f 1796 1795 1305
f 1337 1796 1305
f 1306 1691 1337
f 1305 1306 1337
f 1692 1690 1795
f 1796 1692 1795
f 1691 1693 1797
f 1337 1691 1797
f 1694 1692 1796
f 1798 1694 1796
f 1800 1799 1785
f 1786 1800 1785
f 1801 1800 1786
f 1787 1801 1786
f 1799 1802 1631
f 1785 1799 1631
f 1641 1803 1789
f 1629 1641 1789
f 1803 1801 1787
f 1789 1803 1787
f 1802 1641 1629
f 1631 1802 1629
f 1804 1642 1632
f 1790 1804 1632
f 1805 1804 1790
f 1791 1805 1790
f 1642 1806 1792
f 1632 1642 1792
f 1808 1807 1793
f 1794 1808 1793
f 1807 1805 1791
f 1793 1807 1791
f 1806 1808 1794
f 1792 1806 1794
f 1693 1763 1809
f 1797 1693 1809
f 1764 1694 1798
f 1810 1764 1798
f 1812 1811 1799
f 1800 1812 1799
f 1813 1812 1800
f 1801 1813 1800
f 1811 1814 1802
f 1799 1811 1802
f 1649 1815 1803
f 1641 1649 1803
f 1815 1813 1801
f 1803 1815 1801
f 1814 1649 1641
f 1802 1814 1641
f 1816 1650 1642
f 1804 1816 1642
f 1817 1816 1804
f 1805 1817 1804
f 1650 1818 1806
f 1642 1650 1806
f 1820 1819 1807
f 1808 1820 1807
f 1819 1817 1805
f 1807 1819 1805
f 1818 1820 1808
f 1806 1818 1808
f 1763 1765 1821
f 1809 1763 1821
f 1766 1764 1810
f 1822 1766 1810
f 1765 1767 1823
f 1821 1765 1823
f 1768 1766 1822
f 1824 1768 1822
f 1826 1825 1811
f 1812 1826 1811
f 1827 1826 1812
f 1813 1827 1812
f 1825 1667 1814
f 1811 1825 1814
f 1658 1828 1815
f 1649 1658 1815
f 1828 1827 1813
f 1815 1828 1813
f 1667 1658 1649
f 1814 1667 1649
f 1829 1659 1650
f 1816 1829 1650
f 1830 1829 1816
f 1817 1830 1816
f 1659 1668 1818
f 1650 1659 1818
f 1832 1831 1819
f 1820 1832 1819
f 1831 1830 1817
f 1819 1831 1817
f 1668 1832 1820
f 1818 1668 1820
f 1767 1782 1356
f 1823 1767 1356
f 1783 1768 1824
f 1833 1783 1824
f 1291 1784 1834
f 1315 1291 1834
f 1834 1833 1356
f 1315 1834 1356
f 1782 1291 1315
f 1356 1782 1315
f 1784 1783 1833
f 1834 1784 1833
f 1836 1835 1825
f 1826 1836 1825
f 1837 1836 1826
f 1827 1837 1826
f 1835 1666 1667
f 1825 1835 1667
f 1663 1838 1828
f 1658 1663 1828
f 1838 1837 1827
f 1828 1838 1827
f 1839 1671 1659
f 1829 1839 1659
f 1839 1840 1669
f 1671 1839 1669
f 1840 1839 1829
f 1830 1840 1829
f 1840 1841 1678
f 1669 1840 1678
f 1841 1840 1830
f 1831 1841 1830
f 1669 1678 1832
f 1668 1669 1832
f 1844 1843 1842
f 1845 1844 1842
f 1832 1845 1842
f 1831 1832 1842
f 1843 1841 1831
f 1842 1843 1831
f 1678 1844 1845
f 1832 1678 1845
f 1796 1337 1336
f 1846 1796 1336
f 1847 1846 1336
f 1397 1847 1336
f 1337 1797 1397
f 1336 1337 1397
f 1798 1796 1846
f 1847 1798 1846
f 1848 1847 1397
f 1400 1848 1397
f 1797 1809 1400
f 1397 1797 1400
f 1810 1798 1847
f 1848 1810 1847
f 1849 1848 1400
f 1404 1849 1400
f 1809 1821 1404
f 1400 1809 1404
f 1822 1810 1848
f 1849 1822 1848
f 1850 1849 1404
f 1417 1850 1404
f 1821 1823 1417
f 1404 1821 1417
f 1824 1822 1849
f 1850 1824 1849
f 1356 1833 1851
f 1357 1356 1851
f 1851 1850 1417
f 1357 1851 1417
f 1823 1356 1357
f 1417 1823 1357
f 1833 1824 1850
f 1851 1833 1850
f 1854 1853 1852
f 1855 1854 1852
f 1852 1835 1836
f 1855 1852 1836
f 1856 1854 1855
f 1836 1856 1855
f 1853 1698 1835
f 1852 1853 1835
f 1856 1857 1677
f 1698 1856 1677
f 1857 1856 1836
f 1837 1857 1836
f 1698 1677 1666
f 1835 1698 1666
f 1676 1858 1838
f 1663 1676 1838
f 1857 1858 1676
f 1677 1857 1676
f 1858 1857 1837
f 1838 1858 1837
f 1859 1679 1678
f 1841 1859 1678
f 1859 1860 1701
f 1679 1859 1701
f 1860 1859 1841
f 1843 1860 1841
f 1679 1701 1844
f 1678 1679 1844
f 1860 1861 1703
f 1701 1860 1703
f 1844 1863 1862
f 1843 1844 1862
f 1861 1860 1843
f 1862 1861 1843
f 1701 1703 1863
f 1844 1701 1863
f 1861 1864 1705
f 1703 1861 1705
f 1863 1866 1865
f 1862 1863 1865
f 1864 1861 1862
f 1865 1864 1862
f 1703 1705 1866
f 1863 1703 1866
f 1864 1867 1707
f 1705 1864 1707
f 1866 1869 1868
f 1865 1866 1868
f 1867 1864 1865
f 1868 1867 1865
f 1705 1707 1869
f 1866 1705 1869
f 1867 1870 1709
f 1707 1867 1709
f 1869 1872 1871
f 1868 1869 1871
f 1870 1867 1868
f 1871 1870 1868
f 1707 1709 1872
f 1869 1707 1872
f 1870 1873 1711
f 1709 1870 1711
f 1872 1853 1854
f 1871 1872 1854
f 1873 1870 1871
f 1854 1873 1871
f 1709 1711 1853
f 1872 1709 1853
f 1697 1874 1856
f 1698 1697 1856
f 1873 1874 1697
f 1711 1873 1697
f 1874 1873 1854
f 1856 1874 1854
f 1711 1697 1698
f 1853 1711 1698
f 1875 1761 1743
f 1876 1875 1743
f 1743 1746 1877
f 1876 1743 1877
f 1878 1875 1876
f 1877 1878 1876
f 1761 1879 1746
f 1743 1761 1746
f 1746 1748 1880
f 1877 1746 1880
f 1881 1878 1877
f 1880 1881 1877
f 1879 1882 1748
f 1746 1879 1748
f 1770 1884 1883
f 1750 1770 1883
f 1748 1750 1883
f 1880 1748 1883
f 1884 1881 1880
f 1883 1884 1880
f 1882 1770 1750
f 1748 1882 1750
f 1885 1780 1757
f 1886 1885 1757
f 1757 1760 1887
f 1886 1757 1887
f 1888 1885 1886
f 1887 1888 1886
f 1780 1889 1760
f 1757 1780 1760
f 1760 1761 1875
f 1887 1760 1875
f 1890 1888 1887
f 1875 1890 1887
f 1889 1891 1761
f 1760 1889 1761
f 1892 1890 1875
f 1878 1892 1875
f 1891 1893 1879
f 1761 1891 1879
f 1894 1892 1878
f 1881 1894 1878
f 1893 1895 1882
f 1879 1893 1882
f 1896 1894 1881
f 1884 1896 1881
f 1895 1897 1770
f 1882 1895 1770
f 1770 1772 1898
f 1884 1770 1898
f 1899 1896 1884
f 1898 1899 1884
f 1897 1900 1772
f 1770 1897 1772
f 1786 1902 1901
f 1774 1786 1901
f 1772 1774 1901
f 1898 1772 1901
f 1902 1899 1898
f 1901 1902 1898
f 1900 1786 1774
f 1772 1900 1774
f 1903 1793 1780
f 1885 1903 1780
f 1904 1903 1885
f 1888 1904 1885
f 1793 1905 1889
f 1780 1793 1889
f 1906 1904 1888
f 1890 1906 1888
f 1905 1907 1891
f 1889 1905 1891
f 1908 1906 1890
f 1892 1908 1890
f 1907 1909 1893
f 1891 1907 1893
f 1910 1908 1892
f 1894 1910 1892
f 1909 1911 1895
f 1893 1909 1895
f 1912 1910 1894
f 1896 1912 1894
f 1911 1913 1897
f 1895 1911 1897
f 1914 1912 1896
f 1899 1914 1896
f 1913 1915 1900
f 1897 1913 1900
f 1800 1916 1902
f 1786 1800 1902
f 1916 1914 1899
f 1902 1916 1899
f 1915 1800 1786
f 1900 1915 1786
f 1917 1807 1793
f 1903 1917 1793
f 1918 1917 1903
f 1904 1918 1903
f 1807 1919 1905
f 1793 1807 1905
f 1920 1918 1904
f 1906 1920 1904
f 1919 1921 1907
f 1905 1919 1907
f 1922 1920 1906
f 1908 1922 1906
f 1921 1923 1909
f 1907 1921 1909
f 1924 1922 1908
f 1910 1924 1908
f 1923 1925 1911
f 1909 1923 1911
f 1926 1924 1910
f 1912 1926 1910
f 1925 1927 1913
f 1911 1925 1913
f 1928 1926 1912
f 1914 1928 1912
f 1927 1929 1915
f 1913 1927 1915
f 1812 1930 1916
f 1800 1812 1916
f 1930 1928 1914
f 1916 1930 1914
f 1929 1812 1800
f 1915 1929 1800
f 1931 1819 1807
f 1917 1931 1807
f 1932 1931 1917
f 1918 1932 1917
f 1819 1933 1919
f 1807 1819 1919
f 1934 1932 1918
f 1920 1934 1918
f 1933 1935 1921
f 1919 1933 1921
f 1936 1934 1920
f 1922 1936 1920
f 1935 1937 1923
f 1921 1935 1923
f 1938 1936 1922
f 1924 1938 1922
f 1937 1939 1925
f 1923 1937 1925
f 1940 1938 1924
f 1926 1940 1924
f 1939 1941 1927
f 1925 1939 1927
f 1942 1940 1926
f 1928 1942 1926
f 1941 1943 1929
f 1927 1941 1929
f 1826 1944 1930
f 1812 1826 1930
f 1944 1942 1928
f 1930 1944 1928
f 1943 1826 1812
f 1929 1943 1812
f 1945 1831 1819
f 1931 1945 1819
f 1945 1946 1842
f 1831 1945 1842
f 1946 1945 1931
f 1932 1946 1931
f 1831 1842 1933
f 1819 1831 1933
f 1947 1946 1932
f 1934 1947 1932
f 1842 1948 1935
f 1933 1842 1935
f 1949 1947 1934
f 1936 1949 1934
f 1948 1950 1937
f 1935 1948 1937
f 1951 1949 1936
f 1938 1951 1936
f 1950 1952 1939
f 1937 1950 1939
f 1953 1951 1938
f 1940 1953 1938
f 1952 1954 1941
f 1939 1952 1941
f 1955 1953 1940
f 1942 1955 1940
f 1954 1855 1943
f 1941 1954 1943
f 1836 1956 1944
f 1826 1836 1944
f 1955 1956 1836
f 1855 1955 1836
f 1956 1955 1942
f 1944 1956 1942
f 1855 1836 1826
f 1943 1855 1826
f 1957 1843 1842
f 1946 1957 1842
f 1957 1958 1862
f 1843 1957 1862
f 1958 1957 1946
f 1947 1958 1946
f 1843 1862 1948
f 1842 1843 1948
f 1958 1959 1865
f 1862 1958 1865
f 1959 1958 1947
f 1949 1959 1947
f 1862 1865 1950
f 1948 1862 1950
f 1959 1960 1868
f 1865 1959 1868
f 1960 1959 1949
f 1951 1960 1949
f 1865 1868 1952
f 1950 1865 1952
f 1960 1961 1871
f 1868 1960 1871
f 1961 1960 1951
f 1953 1961 1951
f 1868 1871 1954
f 1952 1868 1954
f 1854 1962 1955
f 1855 1854 1955
f 1961 1962 1854
f 1871 1961 1854
f 1962 1961 1953
f 1955 1962 1953
f 1871 1854 1855
f 1954 1871 1855
